༎ འཕགས་པ་ དཀོན་མཆོག་ བརྩེགས་པ་ ཆེན་པོ འི་ ཆོས་ ཀྱི་ རྣམ་གྲངས་ ལེའུ་ སྟོང་ ཕྲག་ བརྒྱ་པ་ ལས་ ལེའུ་ སུམ་ ཅུ་ རྩ་ ལྔ་པ་ སྟེ ། སངས་ རྒྱས་ ཀྱི་ ཡུལ་ བསམ་ གྱིས་ མི་ ཁྱབ་པ་ ལུང་ བསྟན་པ ། བམ་པོ་ དང་ པོ ། ། རྒྱ་གར་ སྐད་ དུ ། ཨཱརྱ་ ཨ་ ཙིན་ ཏྱ་ བུད་དྷ་ བི་ ཥ་ ཡ་ ནི་ ར་ དེ་ ཤ་ ནཱ་མ་ མ་ཧཱ་ ཡཱ་ན་ སཱུ་ ཏྲ ། བོད་ སྐད་ དུ ། འཕགས་པ་ སངས་རྒྱས་ ཀྱི་ ཡུལ་ བསམ་ གྱིས་ མི་ ཁྱབ་པ་ བསྟན་པ་ ཞེས་ བྱ་བ་ ཐེག་པ་ ཆེན་པོ འི་ མདོ ། སངས་ རྒྱས་ དང་ བྱང་ཆུབ་སེམས་དཔའ་ ཐམས་ཅད་ ལ་ ཕྱག་ འཚལ་ ལོ ། །,大寶積經善德天子會第三十五 大唐三藏菩提流志奉詔譯,1
འདི་ སྐད་ བདག་ གིས་ ཐོས་པ་ དུས་ གཅིག་ ན ། བཅོམ་ལྡན་འདས་ མཉན་ཡོད་ ན་ རྒྱལ་བུ་ རྒྱལ་བྱེད་ ཀྱི་ ཚལ་ མགོན་མེད་ཟས་སྦྱིན་ གྱི་ ཀུན་དགའ་ར་བ་ ན ། དགེ་ སློང་ སྟོང་ དུ་ ཚང་པ འི་ དགེ་སློང་ གི་ དགེ་འདུན་ ཆེན་པོ་ དང་ ། བྱང་ཆུབ་སེམས་དཔའ་ ཁྲི་ དང་ ཐབས་ ཅིག་ ཏུ་ བཞུགས་ ཏེ ། །,如是我聞：   一時佛在舍衛國祇樹給孤獨園，與大比丘眾一千人俱，菩薩摩訶薩十千人，并欲色界諸天子等。,2
ཡང་ དེ འི་ ཚེ་ འཇམ་དཔལ་ གཞོན་ནུ ར་ གྱུར་པ་ འཁོར་ དེ་ ཉིད་ དུ་ འདུས་པ ར་ གྱུར་ ཏེ་ འདུག་ གོ་ ། ལྷ འི་ བུ་ དཔལ་ བཟངས་ ཀྱང་ འཁོར་ དེ་ ཉིད་ དུ་ འདུས་པ ར་ གྱུར་ ཏེ་ འདུག་ གོ,是時文殊師利菩薩摩訶薩與善德天子俱在會中。,3
། དེ་ ནས་ བཅོམ་ལྡན་འདས་ ཀྱིས་ འཇམ་དཔལ་ གཞོན་ནུ ར་ གྱུར་པ་ ལ་ བཀའ་ སྩལ་པ ། འཇམ་དཔལ་ ང ས་ ཁྱོད་ ལ་ བསྐུལ་ གྱིས ། ཁྱོད་ ཀྱིས་ ཆོས་ དང་ ལྡན་པ འི་ གཏམ་ ལས་ བརྩམས་ ཏེ ། ལྷ འི་ འཁོར་ འདི་ དང་ བྱང་ཆུབ་སེམས་དཔའ་ འདི་ དག་ ལ་ སྤོབས་པ ར་ གྱིས་ ཤིག་,爾時世尊告文殊師利：「汝當為此諸天大眾及諸菩薩，演說諸佛甚深境界。」,3
། གསོལ་པ ། བཅོམ་ལྡན་འདས་ སངས་རྒྱས་ ཀྱི་ ཡུལ་ ནི་ གང་ མིག་ གི་ ཡུལ་ མ་ ལགས་པ་ དང་ ། གཟུགས་ ཀྱི་ ཡུལ་ མ་ ལགས་པ་ དང་ ། རྣ་བ འི་ ཡུལ་ མ་ ལགས་པ་ དང་ ། སྒྲ འི་ ཡུལ་ མ་ ལགས་པ་ དང་ ། སྣ འི་ ཡུལ་ མ་ ལགས་པ་ དང་ ། དྲི འི་ ཡུལ་ མ་ ལགས་པ་ དང་ ། ལྕེ འི་ ཡུལ་ མ་ ལགས་པ་ དང་ ། རོ འི་ ཡུལ་ མ་ ལགས་པ་ དང་ ། ལུས་ ཀྱི་ ཡུལ་ མ་ ལགས་པ་ དང་ ། རེག་བྱ འི་ ཡུལ་ མ་ ལགས་པ་ དང་ ། ཡིད་ ཀྱི་ ཡུལ་ མ་ ལགས་པ་ དང་ ། ཆོས་ ཀྱི་ ཡུལ་ མ་ ལགས་པ་ སྟེ ། དེ་ སངས་རྒྱས་ ཀྱི་ ཡུལ་ ཞེས་ བགྱིའོ ། །,文殊師利白佛言：「唯然世尊！若善男子善女人欲知佛境界者，當知非眼耳鼻舌身意境界，非色聲香味觸法境界。,3
བཅོམ་ལྡན་འདས་ ཡུལ་ ཁྱད་པ ར་ མ་ མཆིས་པ་ ནི་ སངས་རྒྱས་ ཀྱི་ ཡུལ་ ལགས་ ཏེ ། །,世尊！非境界是佛境界。,3
བཅོམ་ལྡན་འདས་ དེ་བཞིན་གཤེགས་པ ས་ བྱང་ཆུབ་ བརྙེས་པ འི་ ཡུལ་ ཅི་ ལགས །,以是義故，如佛所得阿耨多羅三藐三菩提，為何境界耶？」,2
བཀའ་ སྩལ་པ ། འཇམ་ དཔལ་ ལྟ་བ ར་ གྱུར་པ་ མཉམ་པ་ ཉིད་ ཀྱི་ ཕྱི ར་ སྟོང་པ་ཉིད་ ནི་ ང ས་ བྱང་ཆུབ་ ཐོབ་པ འི་ ཡུལ་ ལོ ། ། མཚན་མ་ མཉམ་པ་ ཉིད་ ཀྱི་ ཕྱི ར་ མཚན་མ་ མེད་པ་ ནི་ ཡུལ་ ལོ ། ། ཁམས་ གསུམ་པ་ མཉམ་པ་ ཉིད་ ཀྱི་ ཕྱི ར་ སྨོན་པ་ མེད་པ་ ནི་ ཡུལ་ ལོ ། ། འདུ་བྱེད་ མཉམ་པ་ ཉིད་ ཀྱི་ ཕྱི ར་ མངོན་པ ར་ འདུ་ བྱ་བ་ མེད་པ་ ནི་ ཡུལ་ ལོ ། ། འདུ ས་ བྱས་ མཉམ་པ་ ཉིད་ ཀྱི་ ཕྱི ར་ སྐྱེ་བ་ མེད་པ་ དང་ ། འབྱུང་བ་ མེད་པ་ དང་ ། འདུ་ བྱེད་པ་ མེད་པ་ ནི་ ཡུལ་ ལོ ། །,佛言：「空境界，諸見平等故。無相境界，一切相平等故。無願境界，三界平等故。無作境界，有作平等故。無為境界，有為平等故。」,4
གསོལ་པ ། བཅོམ་ལྡན་ འདས་ འདུས་ མ་ བགྱིས་ ཀྱི་ ཡུལ་ གང་ ལགས །,文殊師利言：「世尊！何等是無為境界？」,5
བཀའ་ སྩལ་པ ། འཇམ་ དཔལ་ སེམས་ མེད་པ་ ནི་ འདུས་ མ་ བྱས་ ཀྱི་ ཡུལ་ ལོ ། །,佛言：「無念是無為境界。」,5
གསོལ་པ ། བཅོམ་ལྡན་འདས་ སེམས་ མ་ མཆིས་པ་ ནི་ སངས་རྒྱས་ ཀྱི་ ཡུལ་ ལགས་ ཏེ ། དེ་ ལ་ བརྗོད་པ་ མ་ མཆིས་ ལགས་ སོ ། ། བརྗོད་པ་ མ་ མཆིས་པ་ ལ་ བསྟན་པ་ མ་ མཆིས་ ལགས་ སོ ། ། བསྟན་པ་ མ་ མཆིས་པ་ ལ་ མངོན་པ ར་ བརྗོད་པ་ མ་ མཆིས་ ལགས་ སོ ། ། བཅོམ་ལྡན་འདས་ མངོན་པ ར་ བརྗོད་པ་ མ་ མཆིས་པ འི་ ཡུལ་ ནི་ སངས་རྒྱས་ ཀྱི་ ཡུལ་ ལགས་ སོ ། །,文殊師利言：「世尊！若無為等是佛境界，為無念者依何而說？無所依故則無所說，無所說故則不可說。世尊！諸佛境界不可說也。」,3
བཀའ་ སྩལ་པ ། འཇམ་ དཔལ་ སངས་རྒྱས་ ཀྱི་ ཡུལ་ གང་ དུ་ བཙལ་བ ར་ བྱ །,佛言：「文殊師利！佛境界當於何求？」,5
གསོལ་པ་ བཅོམ་ལྡན་འདས་ སངས་རྒྱས་ ཀྱི་ ཡུལ་ ནི་ སེམས་ཅན་ ཐམས་ཅད་ ཀྱི་ ཉོན་ མོངས་པ་ རྣམས་ ལས་ ཡོངས་ སུ་ བཙལ་བ ར་ བགྱི་ ལགས་ སོ ། ། དེ་ ཅི འི་ སླད་ དུ་ ཞེ་ ན ། བཅོམ་ལྡན་འདས་ འདི་ ལྟ་ སྟེ ། སེམས་ཅན་ ཐམས་ཅད་ ཀྱི་ ཉོན་ མོངས་པ་ ཡོངས་ སུ་ རྟོགས་པ་ ནི་ ཉན་ཐོས་ དང་ རང་སངས་རྒྱས་ ཐམས་ཅད་ ཀྱི་ ཡུལ་ མ་ ལགས་ ཀྱི ། གང་ འདི་ སེམས་ཅན་ ཐམས་ཅད་ ཀྱི་ ཉོན་ མོངས་པ་ ཡོངས་ སུ་ རྟོགས་པ་ དེ་ ནི་ སངས་རྒྱས་ ཀྱི་ ཡུལ་ ལགས་པ འི་ སླད་ དུའོ ། །,曰：「於一切眾生煩惱中求。何以故？眾生煩惱性不可得，非聲聞緣覺之所能知，是則名為諸佛境界。」,3
བཀའ་ སྩལ་པ ། འཇམ་ དཔལ་ སངས་རྒྱས་ ཀྱི་ ཡུལ་ ལ་ འཇུག་པ འམ་ ལྡོག་པ་ ཡོད་ དམ་ ཅི་ ན ། འདི་ ལྟ ར་ སངས་རྒྱས་ ཀྱི་ ཡུལ་ སེམས་ཅན་ ཐམས་ཅད་ ཀྱི་ ཉོན་ མོངས་པ་ རྣམས་ ལས་ ཡོངས་ སུ་ བཙལ །,佛言：「文殊師利！佛境界有增減耶？」,1
གསོལ་པ ། བཅོམ་ལྡན་འདས་ སངས་རྒྱས་ ཀྱི་ ཡུལ་ ནི་ འཇུག་པ་ མ་ མཆིས་ ལྡོག་པ་ མ་ མཆིས་ ལགས་ སོ ། །,曰：「無增減也。」,1
བཀའ་ སྩལ་པ ། འཇམ་དཔལ་ གལ་ ཏེ་ སངས་རྒྱས་ ཀྱི་ ཡུལ་ འཇུག་པ་ མེད་ ཅིང་ ལྡོག་པ་ མེད་ ན་ སངས་རྒྱས་ ཀྱི་ ཡུལ་ ཇི་ ལྟ ར་ སེམས་ཅན་ ཐམས་ཅད་ ཀྱི་ ཉོན་ མོངས་པ་ རྣམས་ ལས་ ཡོངས་ སུ་ ཤེས །,佛言：「云何了知一切眾生煩惱本性？」,1
གསོལ་པ ། བཅོམ་ལྡན་འདས་ ཇི་ ལྟ ར་ སངས་རྒྱས་ ཀྱི་ ཡུལ་ འཇུག་པ་ མ་ མཆིས་ ཤིང་ ལྡོག་པ་ མ་ མཆིས་པ་ དེ་ བཞིན་ དུ་ ཉོན་ མོངས་པ་ དེ་ དག་ གི་ རང་བཞིན་ གང་ ལགས་པ་ དེ་ ཡང་ འཇུག་པ་ མ་ མཆིས་ ཤིང་ ལྡོག་པ་ མ་ མཆིས་པ་ ལགས་ སོ ། །,曰：「如佛境界無有增減，煩惱本性亦無增減。」,1
བཀའ་ སྩལ་པ ། འཇམ་དཔལ་ ཉོན་མོངས་པ་ རྣམས་ ཀྱི་ རང་བཞིན་ ཇི་ ལྟ་བུ །,佛言：「云何名為煩惱本性？」,4
གསོལ་པ ། བཅོམ་ལྡན་འདས་ སངས་རྒྱས་ ཀྱི་ ཡུལ་ གྱི་ རང་བཞིན་ གང་ ལགས་པ་ དེ་ ཉིད་ ཉོན་མོངས་པ་ ཐམས་ཅད་ ཀྱི་ རང་བཞིན་ ལགས་ སོ །,曰：「煩惱本性是佛界本性。,3
བཅོམ་ལྡན་འདས་ གལ་ ཏེ་ ཉོན་ མོངས་པ་ རྣམས་ ཀྱི་ རང་བཞིན་ ཀྱང་ གཞན་ དུ་ གྱུར་ ལ ། སངས་ རྒྱས་ ཀྱི་ ཡུལ་ གྱི་ རང་བཞིན་ ཀྱང་ གཞན་ ཞིག་ ལགས་ ན་ ནི་ དེ་བཞིན་གཤེགས་པ ས་ ཆོས་ ཐམས་ཅད་ མཉམ་པ་ ཉིད་ དུ་ མངོན་པ ར་ རྫོགས་པ ར་ སངས་ རྒྱས་ སོ་ ཞེས་ ཀྱང་ བསྟན་པ ར་ མི་ འགྱུར་བ་ ཞིག་ ན །,世尊！若煩惱性異佛境界，則不說佛住一切法平等性中。,2
བཅོམ་ལྡན་འདས་ འདི་ ལྟ ར་ ཉོན་ མོངས་པ་ རྣམས་ ཀྱི་ རང་བཞིན་ གང་ ལགས་པ་ དེ་ ཉིད་ སངས་རྒྱས་ ཀྱི་ ཡུལ་ གྱི་ རང་བཞིན་ ལགས་ ཏེ ། དེ འི་ སླད་ དུ་ དེ་བཞིན་གཤེགས་པ ས་ ཆོས་ ཐམས་ཅད་ མཉམ་པ་ ཉིད་ དུ་ མངོན་པ ར་ རྫོགས་པ ར་ སངས་ རྒྱས་ སོ་ ཞེས་ སྟོན་ ལགས་ སོ ། །,以煩惱性即佛界性故，說如來住平等性。」,2
བཀའ་ སྩལ་པ ། འཇམ་དཔལ་ ཁྱོད་ ཀྱིས་ དེ་བཞིན་གཤེགས་པ་ མཉམ་པ་ཉིད་ དུ་ གང་ གིས་ གནས་པ་ ཤེས་ སམ །,又問：「汝見如來住何平等？」,4
གསོལ་པ ། བཅོམ་ལྡན་འདས་ བྱིས་པ་ སོ་སོ འི་ སྐྱེ་བོ་ རྣམས་ མཉམ་པ་ཉིད་ གང་ ལ་ གནས་ ནས ། འདོད་ ཆགས་ དང་ ། ཞེ་ སྡང་ དང་ ། གཏི་ མུག་ ཀུན་ ཏུ་ འབྱུང་བ འི་ མཉམ་པ་ཉིད་ དེ ས་ དེ་བཞིན་གཤེགས་པ་ གནས་ ལགས་ སོ ། །,曰：「如我所解，眾生現行貪瞋癡者，所住平等為如來住。」,3
བཀའ་ སྩལ་པ ། འཇམ་ དཔལ་ བྱིས་པ་ སོ་སོ འི་ སྐྱེ་བོ་ རྣམས་ མཉམ་པ་ཉིད་ གང་ ལ་ གནས་ ཏེ་ འདོད་ཆགས་ དང་ ། ཞེ་ སྡང་ དང་ ། གཏི་ མུག་ ཀུན་ ཏུ་ འབྱུང་ །,佛言：「眾生現行三毒煩惱，住何平等？」,3
གསོལ་ པ ། སྟོང་པ་ ཉིད་ དང་ ། མཚན་ མ་ མ་ མཆིས་པ་ དང་ ། སྨོན་པ་ མ་ མཆིས་པ་ མཉམ་པ་ ཉིད་ ལ་ གནས་པ་ རྣམས་ ཀྱི་ མཉམ་པ་ཉིད་ དེ ས་ དེ་བཞིན་གཤེགས་པ་ གནས་ ལགས་ སོ ། །,答曰：「住空無相無願平等性中。」,4
བཀའ་ སྩལ་པ ། འཇམ་དཔལ་ ཅི་ སྟོང་པ་ ཉིད་ ལ་ འདོད་ཆགས་ དང་ ། ཞེ་ སྡང་ དང་ ། གཏི་ མུག་ ཡོད་ དམ །,佛言：「文殊！彼性空中，云何復有貪瞋癡耶？」,4
གསོལ་པ ། བཅོམ་ལྡན་འདས་ མཆིས་པ་ གང་ གིས་ སྟོང་པ་ཉིད་ མཆིས་པ འི་ མཆིས་པ་ དེ ས་ འདོད་ཆགས་ དང་ ། ཞེ་ སྡང་ དང་ ། གཏི་མུག་ རྣམས་ མཆིས་ ལགས་ སོ ། །,文殊師利言：「於彼有中，有性空處、有貪瞋癡。」,3
བཀའ་ སྩལ་པ ། འཇམ་དཔལ་ ཡོད་པ་ གང་ གིས་ སྟོང་པ་ཉིད་ ཡོད་ ཅིང་ ཡོད་པ་ གང་ གིས་ འདོད་ཆགས་ དང་ ། ཞེ་ སྡང་ དང་ ། གཏི་མུག་ རྣམས་ ཡོད །,佛言：「於何有中說有性空？」,3
གསོལ་པ ། བཅོམ་ལྡན་འདས་ ཡི་གེ་ དང་ ། སྐད་ དང་ ། སྒྲ་ དང་ ། བརྗོད་པ འི་ མཆིས་པ ས་ སྟོང་པ་ཉིད་ མཆིས་ ལགས་ སོ ། །,曰：「於文字語言中說有性空。,3
ཡི་གེ་ དང་ ། སྐད་ དང་ ། སྒྲ་ དང་ ། བརྗོད་པ འི་ མཆིས་པ ས་ འདོད་ཆགས་ དང་ ། ཞེ་ སྡང་ དང་ ། གཏི་མུག་ རྣམས་ མཆིས་ ལགས་ སོ ། །,有性空故，有貪瞋癡。,1
གསོལ་པ ། བཅོམ་ལྡན་འདས་ ཀྱིས་ འདི་ སྐད་ དུ་ དགེ་སློང་ དག་ མ་ སྐྱེས་པ་ དང་ ། མ་ བྱུང་བ་ དང་ ། མ་ བྱས་པ་ དང་ ། མངོན་པ ར་ འདུས་མ་བྱས་པ་ དང་ ། མངོན་པ ར་ འདུ་ མི་ བྱེད་པ་ ནི་ ཡོད་ དེ ། །,如佛所說，諸比丘有無生、無為、無作、無起。,3
དགེ་སློང་ དག་ གལ་ ཏེ་ མ་ སྐྱེས་པ་ དང་ ། མ་ བྱུང་བ་ དང་ ། མ་ བྱས་པ་ དང་ ། མངོན་པ ར་ འདུས་མ་བྱས་པ་ དང་ ། མངོན་པ ར་ འདུ་ མི་ བྱེད་པ་ མེད་ དུ་ ཟིན་ ན ། སྐྱེས་པ་ དང་ ། བྱུང་བ་ དང་ ། བྱས་པ་ དང་ ། མངོན་པ ར་ འདུས་བྱས་པ་ དང་ ། མངོན་པ ར་ འདུ་བྱེད་པ་ འདི་ དག་ ལས་ འབྱུང་བ ར་ གདགས་པ ར་ མི་ འགྱུར་བ་ ཞིག་ ན,若無生、無為、無作、無起不有者，亦不可說有生、有為、有作、有起。,4
དགེ་སློང་ དག་ འདི་ ལྟ ར་ མ་ སྐྱེས་པ་ དང་ ། མ་ བྱུང་བ་ དང་ ། མ་ བྱས་པ་ དང་ ། མངོན་པ ར་ འདུས་མ་བྱས་པ་ དང་ ། མངོན་པ ར་ འདུ་ མི་ བྱེད་པ་ ནི་ ཡོད་ དེ ། དེ འི་ ཕྱི ར་ སྐྱེས་པ་ དང་ ། བྱུང་བ་ དང་ ། བྱས་པ་ དང་ ། མངོན་པ ར་ འདུས་བྱས་པ་ དང་ ། མངོན་པ ར་ འདུ་བྱེད་པ་ འདི་ དག་ ལས་ འབྱུང་བ ར་ གདགས་ སོ་ ཞེས་ བཀའ་ སྩལ་པ,是故比丘以有無生及無所起，由此得說有生有起。,2
དེ་བཞིན་ དུ ། བཅོམ་ ལྡན་ འདས་ གལ་ ཏེ་ སྟོང་པ་ཉིད་ མ་ མཆིས་ སུ་ ལགས་ ན ། འདོད་ ཆགས་ དང་ ། ཞེ་ སྡང་ དང་ ། གཏི་ མུག་ གི་ ཉོན་ མོངས་པ་ འདི་ དག་ ལས་ འབྱུང་བ ར་ གདགས་པ ར་ མི་ འགྱུར་བ་ ཞིག་ ན ། བཅོམ་ལྡན་འདས་ འདི་ ལྟ ར་ སྟོང་པ་ཉིད་ ནི་ མཆིས་ ཏེ ། དེ འི་ སླད་ དུ་ འདོད་ཆགས་ དང་ ། ཞེ་ སྡང་ དང་ ། གཏི་ མུག་ གི་ ཉོན་ མོངས་པ་ རྣམས་ ལས་ འབྱུང་བ ར་ གདགས་ ལགས་ སོ ། །,如是世尊！若無性空無相[4]無願，則不可說貪瞋癡等一切諸見。」,1
བཅོམ་ལྡན་འདས་ ཀྱིས་ བཀའ་ སྩལ་པ ། འཇམ་ དཔལ་ ཁྱོད་ ཀྱིས་ ཇི་ སྐད་ བསྟན་པ་ དེ་ དེ་ ལྟ་ ཡིན་ དུ་ ཟིན་ ན ། གང་ སུ་ དག་ སྟོང་པ་ཉིད་ ལ་ གནས་པ་ དེ་ དག་ ཐམས་ཅད་ འདོད་ཆགས་ དང་ ། ཞེ་ སྡང་ དང་ ། གཏི་ མུག་ ལ་ གནས་པ ར་ འགྱུར་ རོ །,佛言：「文殊師利！以是義故，如汝所說，住煩惱者是住性空。」,2
གསོལ་པ ། བཅོམ་ལྡན་འདས་ རྣལ་འབྱོར་ སྤྱོད་པ་ གང་ འདོད་ཆགས་ དང་ ། ཞེ་ སྡང་ དང་ ། གཏི་ མུག་ ལ ས་ གུད་ དུ་ སྟོང་པ་ཉིད་ ཚོལ་བ་ དེ་ ནི་ རྣལ་འབྱོར་ ལ་ མི་ སྤྱོད་པ་ ལགས་ ཏེ ། རྣལ་ འབྱོར་ མ་ ལགས་ པའོ ། །,文殊師利言：「世尊！若觀行者離於煩惱而求性空，則不相應。,2
དེ་ ཅི འི་ སླད་ དུ་ ཞེ་ ན ། བཅོམ་ལྡན་འདས་ འདོད་ཆགས་ དང་ ། ཞེ་ སྡང་ དང་ ། གཏི་ མུག་ ལ ས་ གུད་ དུ་ སྟོང་པ་ཉིད་ བཙལ་བ ར་ བགྱི་བ་ མ་ མཆིས་ ཏེ ། བཅོམ་ ལྡན་ འདས་ འདོད་ཆགས་ དང་ ། ཞེ་ སྡང་ དང་ ། གཏི་ མུག་ ཉིད་ སྟོང་པ་ ལགས་ སོ ། །,云何別有性空異於煩惱？若觀煩惱即是性空，為正修行。」,1
བཀའ་ སྩལ་པ ། འཇམ་དཔལ་ ཁྱོད་ ཅི་ འདོད་ཆགས་ དང་ བཅས ། ཞེ་ སྡང་ དང་ བཅས ། གཏི་ མུག་ དང་ བཅས་པ་ ཡིན་ ནམ ། འོན་ ཏེ་ འདོད་ཆགས་ དང་ བྲལ་བ ། ཞེ་ སྡང་ དང་ བྲལ་བ ། གཏི་ མུག་ དང་ བྲལ་བ་ ཡིན །,佛言：「文殊師利！汝住煩惱？離煩惱耶？」,2
གསོལ་པ ། ། བཅོམ་ལྡན་འདས་ འདོད་ཆགས་ དང་ ། ཞེ་ སྡང་ དང་ ། གཏི་མུག་ རྣམས་ ཀྱི་ སྟོང་པ་ཉིད་ གང་ ལགས་པ་ དེ་ དང་ བདག་ མཉམ་ སྟེ ། གང་ མཉམ་པ་ ཉིད་ དེ་ ཐོབ་པ་ དེ་ ནི་ འདོད་ཆགས་ དང་ བཅས་པ་ ཡང་ མ་ ལགས ། འདོད་ ཆགས་ དང་ བྲལ་བ་ ཡང་ མ་ ལགས ། ཞེ་ སྡང་ དང་ བཅས་པ་ ཡང་ མ་ ལགས ། ཞེ་ སྡང་ དང་ བྲལ་བ་ ཡང་ མ་ལགས ། གཏི་ མུག་ དང་ བཅས་པ་ ཡང་ མ་ལགས ། གཏི་ མུག་ དང་ བྲལ་བ་ ཡང་ མ་ ལགས་ སོ ། །,文殊師利言：「所有煩惱悉皆平等。如是平等我正修行入此平等，則不離煩惱、不住煩惱。,1
བཅོམ་ལྡན་འདས་ དགེ་སྦྱོང་ དང་ ། བྲམ་ཟེ་ གང་ དག་ བདག་ ལ་ འདོད་ཆགས་ དང་ བྲལ་བ ། ཞེ་ སྡང་ དང་ བྲལ་བ ། གཏི་ མུག་ དང་ བྲལ་བ ར་ ཡང་དག་པ ར་ རྗེས་ སུ་ ལྟ་ ཞིང་ ཕ་རོལ་ ལ་ འདོད་ཆགས་ དང་ བཅས་པ་ དང་ ། ཞེ་ སྡང་ དང་ བཅས་པ་ དང་ ། གཏི་ མུག་ དང་ བཅས་པ ར་ ཡང་དག་པ ར་ རྗེས་ སུ་ ལྟ་བ་ དེ་ དག་ ནི་ ལྟ་བ ར་ གྱུར་པ་ གཉིས་ ལ་ ཆགས་པ་ ལགས་ སོ ། །,若沙門婆羅門自謂離欲，見他煩惱；彼隨二見。,1
གཉིས་ གང་ ལགས་ ཤེ་ ན ། ཆད་པ ར་ ལྟ་བ་ དང་ ། རྟག་པ ར་ ལྟ་བ་ ལགས་ སོ ། །,云何二見？謂有煩惱名為常見，謂無煩惱名為斷見。,3
བཀའ་ སྩལ་པ ། འཇམ་ དཔལ་ གང་ ཡང་དག་པ ར་ ཞུགས་པ་ དེ་ གང་ དུ་ ཞུགས་པ་ ཡིན །,佛言：「文殊師利！依何正修行？」,2
གསོལ་པ ། བཅོམ་ལྡན་འདས་ གང་ ཡང་ དག་པ ར་ ཞུགས་པ་ དེ་ ནི་ གང་ དུ་ ཡང་ ཞུགས་པ་ མ་ ལགས་ སོ ། །,曰：「正修行者為無所依。」,4
བཀའ་ སྩལ་པ ། འཇམ་ དཔལ་ གང་ ཡང་དག་པ ར་ ཞུགས་པ་ དེ་ ལམ་ ལ་ ཞུགས་པ་ མ་ ཡིན་ ནམ །,佛言：「不依於道而修行耶？」,2
གསོལ་པ ། བཅོམ་ལྡན་འདས་ གང་ ལམ་ ལ་ ཞུགས་པ་ དེ་ ནི་ འདུས་ བགྱིས་ ལ་ ཞུགས་པ་ ལགས་ ཏེ ། གང་ འདུས་ བགྱིས་ ལ་ ཞུགས་པ་ དེ་ མཉམ་པ་ཉིད་ དུ་ ག་ ལ་ འགྱུར་ ལགས ། དེ་ ཅི འི་ སླད་ དུ་ ཞེ་ ན ། བཅོམ་ལྡན་འདས་ འདུས་ བགྱིས་ ན་ སྐྱེ་བ་ དང་ ། འཇིག་པ་ དང་ ། གནས་པ་ དང་ ལྡན་པ འི་ སླད་ དུའོ ། །,曰：「若有所依而修行者則是有為，若行有為則非平等。所以者何？不離生住壞故。」,2
བཀའ་ སྩལ་པ ། འཇམ་དཔལ་ འདུས་ མ་ བྱས་ ལ་ གྲངས་ གང་ ཡང་ ཡོད་ དམ ། །,佛言：「文殊師利！無為中頗有數耶？」,3
བཅོམ་ལྡན་འདས་ གལ་ ཏེ་ འདུས་ མ་ བགྱིས་ ལ ། གྲངས་ མཆིས་པ ར་ གྱུར་ ན་ དེ་ འདུས་ བགྱིས་ ཉིད་ དུ་ འགྱུར་ གྱི་ འདུས་ མ་ བགྱིས་ མ་ ལགས་ སོ །,文殊師利言：「世尊！若無為有數，即是有為，非謂無為。」,2
གསོལ་པ ། བཅོམ་ལྡན་འདས་ འཕགས་པ་ རྣམས་ ལ་ གྲངས་ གང་ ཡང་ མ་ མཆིས་ ཏེ ། བཅོམ་ལྡན་འདས་ འཕགས་པ་ རྣམས་ ནི་ གྲངས་ མ་ མཆིས་པ ། གྲངས་ དང་ བྲལ་བ་ ལགས་ སོ ། །,曰：「法無數故、聖遠離數，為無數也。」,4
བཀའ་ སྩལ་པ ། འཇམ་དཔལ་ ཅི་ ཁྱོད་ འཕགས་པ འི་ ཆོས་ དང་ ལྡན་པ་ ཡིན་ ནམ ། འོན་ ཏེ་ འཕགས་པ་ མ་ ཡིན་པ འི་ ཆོས་ དང་ ལྡན་པ་ ཡིན ། །,佛言：「文殊！汝證聖法？為不證耶？」,3
ཅི་ ལགས་ གང་ བཅོམ་ལྡན་འདས་ ཀྱི་ སྤྲུལ་པ་ དེ་ འཕགས་པ འི་ ཆོས་ དང་ ལྡན་པ་ ལགས་ སམ ། འཕགས་པ་ མ་ ལགས་པ འི་ ཆོས་ དང་ ལྡན་པ་ ལགས །,文殊師利言：「世尊！若問化人：『汝證聖法為不證？』者，彼云何答？」,3
བཀའ་ སྩལ་པ ། འཇམ་དཔལ་ སྤྲུལ་པ་ ནི་ འཕགས་པ འི་ ཆོས་ དང་ ལྡན་པ་ ཡང་ མ་ ཡིན ། འཕགས་པ་ མ་ ཡིན་པ འི་ ཆོས་ དང་ ལྡན་པ་ ཡང་ མ་ ཡིན་ ནོ །,佛言：「文殊！夫化人者則不可說有證非證。」,2
གསོལ་པ ། ཆོས་ ཐམས་ཅད་ སྤྲུལ་པ་ ལྟ་བུ འོ་ ཞེས་ བཅོམ་ལྡན་འདས་ ཀྱིས་ མ་ བསྟན་པ་ ལགས་ སམ །,文殊師利言：「佛豈不說一切諸法皆如化耶？」,4
བཀའ་ སྩལ་པ ། འཇམ་ དཔལ་ དེ་ལྟ འོ ། །,佛言：「如是如是。」,3
གསོལ་པ ། བཅོམ་ལྡན་འདས་ ཆོས་ ཐམས་ཅད་ སྤྲུལ་པ འི་ རང་བཞིན་ གྱིས་ མཚན་ཉིད་ ལགས་ ན་ བདག་ ཀྱང་ དེ འི་ རང་བཞིན་ གྱི་ མཚན་ཉིད་ ལགས་ ཏེ ། དེ འི་ སླད་ དུ་ བདག་ འཕགས་པ འི་ ཆོས་ དང་ ལྡན་པ་ ཡང་ མ་ ལགས ། འཕགས་པ་ མ་ ལགས་པ འི་ ཆོས་ དང་ ལྡན་པ་ ཡང་ མ་ ལགས་ སོ །,曰：「若一切法皆如化者，云何問言汝證聖法為不證也？」,2
གསོལ་པ ། བཅོམ་ལྡན་འདས་ བདག་ ནི་ སངས་རྒྱས་ ཀྱི་ ཡུལ་ མཉམ་པ་ ཉིད་ དང་ མི་ འགལ་བ་ དང་ ལྡན་ ལགས་ སོ །,曰：「佛界平等，我如是證。」,1
བཀའ་ སྩལ་པ ། འཇམ་དཔལ་ ཁྱོད་ ཀྱིས་ སངས་རྒྱས་ ཀྱི་ ཡུལ་ རྙེད་ དམ །,佛言：「汝得佛境界耶？」,3
གསོལ་པ ། བཅོམ་ལྡན་ འདས་ གལ་ ཏེ་ བཅོམ་ལྡན་འདས་ ཀྱིས་ བརྙེས་ ན་ བདག་ གིས་ ཀྱང་ རྙེད་ ལགས་ སོ ། །,曰：「若世尊得者，我亦當得。」,5
དེ་ ནས་ ཚེ་ དང་ ལྡན་པ་ རབ་འབྱོར་ གྱིས་ འཇམ་དཔལ་ གཞོན་ནུ ར་ གྱུར་པ་ ལ་ འདི་ སྐད་ ཅེས་ སྨྲས་ སོ ། །,爾時尊者須菩提語文殊師利言：,5
འཇམ་དཔལ་ དེ་བཞིན་གཤེགས་པ ས་ སངས་རྒྱས་ ཀྱི་ ཡུལ་ མ་ བརྙེས་ སམ །,「如來不得佛境界耶？」,4
སྨྲས་པ ། གན ས་ བརྟན་ གྱིས་ ཉན་ཐོས་ ཀྱི་ ཡུལ་ གང་ ཡང་ རྙེད་ དམ །,文殊師利言：「汝於聲聞境界有所得耶？」,4
སྨྲས་པ ། འཇམ་ དཔལ་ འཕགས་པ འི་ རྣམ་པ ར་ གྲོལ་བ འི་ ཡུལ་ ཡང་ མེད ། ཡུལ་ རྙེད་པ་ ཡང་ མེད་ དོ ། །,須菩提言：「聖者解脫，非得非不得。」,3
སྨྲས་ པ ། བཙུན་པ་ རབ་ འབྱོར་ དེ་ བཞིན་ དུ་ དེ་བཞིན་གཤེགས་པ འི་ རྣམ་པ ར་ གྲོལ་བ འི་ ཡུལ་ ཡང་ མེད ། ཡུལ་ བརྙེས་པ་ ཡང་ མེད་ དོ ། །,曰：「如是如是。如來解脫，亦非有境界非無境界。」,2
སྨྲས་པ ། འཇམ་ དཔལ་ ཁྱོད་ ནི་ རྗེས་ སུ་ བསྲུང་བ་ མེད་པ ར་ ཆོས་ སྟོན་ ཏེ ། ཁྱོད་ ནི་ ལས་ དང་པོ་ པ་ རྣམས་ རྗེས་ སུ་ མི་ སྲུང་ ངོ་ ། །,須菩提言：「文殊師利！汝不將護新發意菩薩而演說法。」,2
བཙུན་པ་ རབ་འབྱོར་ འདི་ ཇི་ སྙམ་ དུ་ སེམས ། གང་ སྨན་པ་ མཁས་པ ས་ ནད་པ་ ཡོངས་ སུ་ སྲུང་ ཞིང་ ཁ་བ་ དང་ ། སྐྱུར་བ་ དང་ ། ཚ་བ འི་ སྨན་ མ་ བྱིན་ ན་ ཅི་ དེ ས་ ནད་པ་ དེ་ ལ་ ནད་ མེད་པ འི་ བདེ་བ་ བྱིན་པ་ ཡིན་ ནམ ། །,「須菩提！於意云何？若有醫人將護病者，不與辛酸苦澁等藥。而彼醫人於彼病者，為與其差？為與死耶？」,2
སྨྲས་ པ ། བཙུན་པ་ རབ་ འབྱོར་ དེ་ བཞིན་ དུ་ གང་ ཆོས་ སྨྲ་བ ས་ ལས་ དང་པོ་པ་ ཡོངས་ སུ་ སྲུང་ ཞིང་ ཟབ་མོ འི་ གཏམ་ བཅབས་ ཏེ ། གཏམ་ སྣ་ཚོགས་ བསྟན་ ན་ དེ ས་ དེ་ ཡང་ དང་ ཡང་ འཆི་བ་ ལས་ ཐར་བ ར་ བྱས་པ ར་ མི་ འགྱུར ། ཤིན་ ཏུ་ བདེ་བ་ མྱ་ངན་ ལས་ འདས་པ་ ལ་ རབ་ ཏུ་ བཞག་པ ར་ མི་ འགྱུར་ རོ ། །,文殊師利言：「其說法者亦復如是。若將護於他恐生驚怖，隱覆如是甚深之義，但以雜句綺飾文辭而為演說，則授眾生老病死苦，不與無病安樂涅槃。」,2
བསྟན་པ་ འདི་ བཤད་པ་ ན་ དགེ་སློང་ ལྔ་ བརྒྱ་ ལེན་པ་ མེད་པ ར་ ཟག་པ་ རྣམས་ ལས་ སེམས་ རྣམ་པ ར་ གྲོལ་ ལོ ། །,說此法時，五百比丘不受諸法漏盡意解。,3
ལྷ འི་ བུ་ བརྒྱད་ བརྒྱ་ ཆོས་ རྣམས་ ལ་ ཆོས་ ཀྱི་ མིག་ རྡུལ་ མེད་ ཅིང་ དྲི་མ་ དང་ བྲལ་བ་ རྣམ་པ ར་ དག་ གོ,八千天人遠[1]塵離垢，於諸法中得法眼淨。,2
། ལྷ འི་ བུ་ བདུན་ བརྒྱ ས་ འཇམ་དཔལ་ གཞོན་ནུ ར་ གྱུར་པ འི་ སྤོབས་པ་ ཐོབ་ ནས་ འདོད་ ཅིང་ ལྷག་པ འི་ བསམ་པ ས་ བླ་ ན་ མེད་པ་ ཡང་ དག་པ ར་ རྫོགས་པ འི་ བྱང་ཆུབ་ ཏུ་ སེམས་ བསྐྱེད་ དོ ། །,七百天子發阿耨多羅三藐三菩提心，作是願言：「我等於未來世，當如文殊師利得是辯才。」,2
ཡང་ ཚེ་ དང་ ལྡན་པ་ རབ་འབྱོར་ གྱིས་ འཇམ་དཔལ་ གཞོན་ནུ ར་ གྱུར་པ་ ལ་ འདི་ སྐད་ ཅེས་ སྨྲས་ སོ ། །,爾時長老須菩提語文殊師利言：,4
འཇམ་དཔལ་ ཁྱོད་ ཉན་ཐོས་ ཀྱི་ ཐེག་པ ས་ སེམས་ཅན་ འདུལ་ ན ། ཅི་ ཁྱོད་ ཉན་ཐོས་ ཀྱི་ ཐེག་པ ས་ རྣམ་པ ར་ གྲོལ་བ་ ཡིན་ ནམ །,「汝豈不以聲聞乘法為聲聞說耶？」,2
སྨྲས་ པ ། བཙུན་པ་ རབ་ འབྱོར་ ཁོ་བོ་ ནི་ ཐེག་པ་ ཐམས་ཅད་ ཀྱིས་ རྣམ་པ ར་ གྲོལ་ ཏེ ། བཙུན་པ་ རབ་ འབྱོར་ ཁོ་བོ་ ནི་ ཉན་ཐོས་ ཀྱི་ ཐེག་པ ས་ རྣམ་པ ར་ གྲོལ་བ་ ཡང་ ཡིན ། ཁོ་བོ་ ནི་ རང་སངས་རྒྱས་ ཀྱི་ ཐེག་པ ས་ རྣམ་པ ར་ གྲོལ་བ འང་ ཡིན ། བཙུན་པ་ རབ་ འབྱོར་ ཁོ་བོ་ ནི་ ཐེག་པ་ ཆེན་པོ ས་ རྣམ་པ ར་ གྲོལ་བ འང་ ཡིན་ ནོ །,曰：「一切乘法是我所乘。」,2
སྨྲས་པ ། འཇམ་ དཔལ་ ཁྱོད་ ཅི་ ཉན་ཐོས་ སམ ། འོན་ ཏེ་ རང་སངས་རྒྱས་ སམ ། འོན་ ཏེ་ ཡང་དག་པ ར་ རྫོགས་པ འི་ སངས་རྒྱས་ ཡིན །,須菩提言：「汝為是聲聞？為辟支佛？為應正等覺耶？」,3
སྨྲས་ པ ། བཙུན་པ་ རབ་ འབྱོར་ ཁོ་བོ་ ནི་ ཉན་ཐོས་ ཡིན་ ཏེ ། ཕ་ རོལ་ ལས་ མཉན་པ འི་ སྒྲ་ ལ་ སྦྱོར་བ ར་ བརྩོན་པ་ ནི་ མ་ ཡིན་ ནོ ། ། ཁོ་བོ་ ནི་ རང་སངས་རྒྱས་ ཡིན་ ཏེ ། སྙིང་རྗེ་ ཆེན་པོ་ དང་ ། མི་ འཇིགས་པ་ དང་ བྲལ་བ་ ནི་ མ་ ཡིན་ ནོ ། ། ཁོ་བོ་ ནི་ ཡང་ དག་པ ར་ རྫོགས་པ འི་ སངས་རྒྱས་ ཡིན་ ཏེ་ བྱ་བ འི་ རྒྱུན་ བཅད་པ་ ནི་ མ་ ཡིན་ ནོ ། །,曰：「我為聲聞，不因他聲而生解故。我為辟支佛，不捨大悲無所畏故。我為應正等覺，不捨本願故。」,3
སྨྲས་པ ། འཇམ་ དཔལ་ ཁྱོད་ ཇི་ ལྟ ར་ ཉན་ཐོས་ ཡིན །,須菩提言：「汝云何作聲聞？」,3
སྨྲས་པ ། ཆོས་མ་ ཐོས་པ་ མཉན་ པ ། སེམས་ཅན་ ཐམས་ཅད་ ལ་ ཐོས་པ ར་ བྱེད་ དེ ། དེས་ ན་ ཁོ་བོ་ ཉན་ཐོས་ ཡིན་ ནོ ། །,曰：「彼諸眾生未曾聞法令得聞故，我為聲聞。」,3
སྨྲས་པ ། འཇམ་ དཔལ་ ཁྱོད་ ཇི་ ལྟ ར་ རང་སངས་རྒྱས་ ཡིན །,又問：「汝云何為辟支佛？」,3
སྨྲས་པ ། ཁོ་བོ ས་ ཆོས་ ཐམས་ཅད་ རྟེན་ ཅིང་ འབྲེལ་བ ར་ འབྱུང་བ ར་ རྟོགས་ ཏེ ། དེས་ ན་ ཁོ་བོ་ རང་སངས་རྒྱས་ སོ །,曰：「眾生法界令信令覺，是故說我為辟支佛。」,2
སྨྲས་པ ། འཇམ་ དཔལ་ ཁྱོད་ ཇི་ ལྟ ར་ ཡང་དག་པ ར་ རྫོགས་པ འི་ སངས་རྒྱས་ ཡིན །,又問：「汝云何為應正等覺？」,3
སྨྲས་པ ། ཁོ་བོ ས་ ཆོས་ ཐམས་ཅད་ ཆོས་ ཀྱི་ དབྱིངས་ སུ་ མཉམ་པ་ ཉིད་ ཀྱིས་ མཉམ་པ ར་ ཁོང་ དུ་ ཆུད་ དེ ། དེས་ ན་ ཁོ་བོ་ ཡང་ དག་པ ར་ རྫོགས་པ འི་ སངས་རྒྱས་ སོ ། །,曰：「一切諸法法界平等如是了知，是故我為應正等覺。」,4
སྨྲས་པ ། འཇམ་ དཔལ་ ཁྱོད་ ཉན་ཐོས་ ཀྱི་ ས་ འམ ། རང་ སངས་རྒྱས་ ཀྱི་ ས་ འམ ། འོན་ ཏེ་ ཡང་དག་པ ར་ རྫོགས་པ འི་ སངས་རྒྱས་ ཀྱི་ ས་ འམ ། ས་ གང་ ལ་ ངེས་པ་ ཡིན་པ་ གཟུང་བ ར་ བྱ །,須菩提言：「文殊師利！汝決定為住何地？」,2
སྨྲས་ པ ། བཙུན་པ་ རབ་ འབྱོར་ ཁོ་བོ་ ནི་ ས་ ཐམས་ཅད་ ལ་ ངེས་པ་ ཡིན་པ ར་ ཟུང་ ཤིག,曰：「住一切地。」,2
། སྨྲས་ པ ། འཇམ་དཔལ་ ཁྱོད་ སོ་སོ འི་ སྐྱེ་བོ འི་ ས་ ལ་ ཡང་ ངེས་པ ར་ གཟུང་བ ར་ བྱ་ འམ །,須菩提言：「汝豈亦住凡夫地耶？」,3
སྨྲས་ པ ། བཙུན་པ་ རབ་ འབྱོར་ དེ་ དེ་ བཞིན་ ནོ ། ། དེ་ ཅི འི་ ཕྱི ར་ ཞེ་ ན ། བཙུན་པ་ རབ་ འབྱོར་ ཆོས་ ཐམས་ཅད་ ནི་ ཡང་ དག་པ་ ཉིད་ དུ་ ངེས་པ ར་ ངེས་པ འོ ། །,文殊師利言：「我亦決定住凡夫地。」,2
སྨྲས་པ ། འཇམ་ དཔལ་ གལ་ ཏེ་ ཆོས་ ཐམས་ཅད་ ཡང་དག་པ་ ཉིད་ དུ་ ངེས་པ ར་ ངེས་པ་ ཡིན་ ན་ འདི་ ནི་ སོ་སོ འི་ སྐྱེ་བོ འི་ སའོ ། ། འདི་ ནི་ ཉན་ཐོས་ ཀྱི་ སའོ ། ། འདི་ ནི་ རང་སངས་རྒྱས་ ཀྱི་ སའོ ། ། འདི་ ནི་ བྱང་ཆུབ་སེམས་ དཔ འི་ སའོ ། ། འདི་ ནི་ སངས་རྒྱས་ ཀྱི་ ས འོ་ ཞེས་ ས་ རྣམ་པ ར་ གཞག་པ་ གདགས་པ ར་ ག་ ལ་ འགྱུར །,須菩提言：「若一切法皆悉平等，當於何所建立諸法——此聲聞地、辟支佛地、菩薩、佛地耶？」,2
སྨྲས་ པ ། བཙུན་པ་ རབ་ འབྱོར་ འདི་ ལྟ་ སྟེ ། དཔེར་ ན ། ཕྱོགས་ བཅུ འི་ ནམ་མཁའ་ ལ་ འདི་ ནི་ ཤར་ཕྱོགས་ ཀྱི་ ནམ་ མཁའོ ། ། འདི་ ནི་ ལྷོ་ཕྱོགས་ ཀྱིའོ ། ། འདི་ ནི་ ནུབ་ཕྱོགས་ ཀྱིའོ ། ། འདི་ ནི་ བྱང་ཕྱོགས་ ཀྱིའོ ། ། འདི་ ནི་ ཤར་ལྷོ་ ཡི འོ ། ། འདི་ ནི་ ལྷོ་ནུབ་ ཀྱིའོ ། ། འདི་ ནི་ ནུབ་བྱང་ གིའོ ། ། འདི་ ནི་ བྱང་ཤར་ གྱིའོ ། ། འདི་ ནི་ འོག་ གིའོ ། ། འདི་ ནི་ སྟེང་ གི་ ཕྱོགས་ ཀྱི་ ནམ་ མཁ འོ་ ཞེས་ བརྗོད་ ཀྱང་,文殊師利言：「譬如十方虛空界中，說言此是東方虛空，南西北方四維上下亦如是說。,2
ཕྱོགས་ཆ་ ལ་ ཐ་དད་པ་ ཡོད་ ཀྱི ། ནམ་མཁའ་ ལ་ ནི་ ཐ་དད་པ་ མེད་ དོ ། །,如是言說種種差別，非於虛空而有異也。,3
བཙུན་པ་ རབ་འབྱོར་ དེ་ བཞིན་ དུ་ ཆོས་ ཐམས་ཅད་ ཡང་དག་པ་ ཉིད་ དུ་ ངེས་པ ར་ ངེས་པ་ ལ ། དེ་ བཞིན་ གཤེགས་པ་ ཐབས་ ལ་ མཁས་པ ས་ འདི་ ནི་ སོ་སོ འི་ སྐྱེ་བོ འི་ སའོ ། ། འདི་ ནི་ ཉན་ཐོས་ ཀྱི་ སའོ ། ། འདི་ ནི་ རང་སངས་རྒྱས་ ཀྱི་ སའོ ། ། འདི་ ནི་ བྱང་ཆུབ་སེམས་ དཔ འི་ སའོ ། ། འདི་ ནི་ སངས་རྒྱས་ ཀྱི་ སའོ ། ། ཞེས་ ས་ རྣམ་པ ར་ འཇོག་ ཀྱང་ ས་ རྣམ་པ ར་ གཞག་པ་ ལ་ ཐ་དད་པ་ ཡོད་ ཀྱི་,是故仁者！依一切法畢竟空中，,1
ཡང་དག་པ་ ཉིད་ དུ་ ངེས་པ་ ལ་ ནི་ ཐ་དད་པ་ མེད་ དོ ། །,建立種種諸地之相，亦非空性而有差別。」,2
སྨྲས་པ ། འཇམ་ དཔལ་ ཁྱོད་ ཡང་ དག་པ་ ཉིད་ དུ་ ངེས་པ་ ལ་ ཞུགས་ སམ ། །,須菩提言：「文殊師利！汝已證入正性離生耶？」,2
སྨྲས་ པ ། ཞུགས་པ་ ཡང་ ཡིན་ ལ ། བྱུང་བ་ ཡང་ ཡིན་ ནོ །,曰：「我已證入，而亦復出。」,4
སྨྲས་པ ། འཇམ་ དཔལ་ ཇི་ ལྟ ར་ ན་ ཁྱོད་ ཞུགས་པ་ ཡང་ ཡིན་ ལ ། བྱུང་བ་ ཡང་ ཡིན །,須菩提言：「云何證入而復還出？」,3
སྨྲས་ པ ། བཙུན་པ་ རབ་ འབྱོར་ འདི་ ལ་ བྱང་ཆུབ་སེམས་དཔའ་ རྣམས་ ཀྱི་ ཐབས་ དང་ ། ཤེས་ རབ་ དང་ ། ཡེ་ ཤེས་ བལྟ་བ ར་ བྱ་ སྟེ ། བཙུན་པ་ རབ་འབྱོར་ འདི་ ན་ སྐྱེས་བུ་ མཁས་པ་ ཁ་ ཅིག་ བཤད་པ འི་ དོན་ དཔེ ས་ ཤེས་པ ར་ འགྱུར་བ་ ཡོད་ དེ ། དེ འི་ ཕྱི ར་ ཁྱོད་ ལ་ དཔེ་ བསྟན་པ ར་ བྱའོ ། །,文殊師利言：「仁者當知，此是菩薩智慧方便。於正性離生如實證入、方便而出。,2
བཙུན་པ་ རབ་འབྱོར་ འདི་ ལྟ་ སྟེ་ དཔེ ར་ ན་ འཕོང་ གི་ སློབ་དཔོན་ ཆེན་པོ་ ཞིག་ ལ་ སྡུག་ པ ། མཛེ ས་ པ ། ཡིད་ དུ་ འོང་ བ ། བལྟ་ ན་ སྡུག་པ འི་ བུ་ གཅིག་པ་ ཞིག་ ཀྱང་ ཡོད ། དེ་ ལ་ མི་ སྡུག་ པ ། ཡིད་ དུ་ མི་ འོང་ བ ། ཕྱི ར་ རྒོལ་བ་ ཞིག་ ཀྱང་ ཡོད་པ་ ལས །,須菩提！譬如有人善於射術，有一怨敵念欲害之。射師有子，憐愛甚重。,2
དེ ས་ བུ་ གཅིག་པ་ དེ་ ཐག་ རིང་པོ་ ལམ་གོལ་བ འི་ ཕྱོགས་ ཤིག་ ན་ འདུག་པ་ མཐོང་ ནས་ དེ་ འདི་ སྙམ་ དུ་ དེ་ ནི་ བདག་ ལ་ ཕྱི ར་ རྒོལ་བ་ ཡིན་ ནོ་ སྙམ་ དུ་ སེམས་ སྐྱེས་ ཏེ །,時彼愛子在曠野中，其父謬謂是所怨讎，,2
དེ ས་ དེ་ གསད་པ འི་ ཕྱི ར་ མདའ་ འཕངས་ ནས་ འཕངས་ མ་ ཐག་ ཏུ་ བུ་ གཅིག་པ་ ཡིན་པ འི་ འདུ་ཤེས་ སྐྱེས་ ཏེ །,放箭射之。,2
དེ་ སྔོན་ གོམས་པ་ བྱས་པ ས་ ཤིན་ ཏུ་ བརྒྱུགས་ ཏེ ། མདའ་ དེ་ བུ་ གཅིག་པ འི་ ལུས་ ལ་ མ་ ཕོག་པ་ ཉིད་ དུ་ ལག་ གིས་ འཛིན་པ་ འདི་ ནི་ དོན་ རྣམ་པ ར་ ཤེས་པ ར་ བྱ་བ འི་ ཕྱི ར་ དཔེ ར་ བྱས་པ འོ ། །,時彼射師有速疾力，急往子所却取其箭。,2
སྨྲས་པ ། འཇམ་ དཔལ་ འདི་ བྱང་ཆུབ་སེམས་དཔའ་ གང་ དག་ གི་ ཡུལ་ ཡིན །,須菩提言：「云何菩薩而得此地？」,2
སྨྲས་ པ ། བཙུན་པ་ རབ་ འབྱོར་ འདི་ ནི་ བྱང་ཆུབ་སེམས་དཔའ་ གང་ དག་ འཇིག་རྟེན་ ན་ ཡང་ སྤྱོད་ ལ་ འཇིག་རྟེན་ གྱི་ ཆོས་ རྣམས་ ཀྱིས་ ཀྱང་ མི་ གོས་ ཤིང་ འཇིག་རྟེན་ ན་ ཡང་ སྣང་ ལ་ ཆོས་ ཐམས་ཅད་ ལ་ སྣང་བ་ མེད་པ ས་ རབ་ ཏུ་ ཕྱེ་བ འི་ བྱང་ཆུབ་སེམས་དཔའ་ དེ་ དག་ གི་ ཡུལ་ ལོ ། །,文殊師利言：「若諸菩薩住一切地而無所住，為得此地。,2
བཙུན་པ་ རབ་འབྱོར་ འདི་ ནི་ བྱང་ཆུབ་སེམས་དཔའ་ གང་ དག་ ས་ ཐམས་ཅད་ ལ་ ཡང་ སྣང་ ལས་ ངན་པ་ ལ་ ཡང་ མི་ གནས་པ་ དང་ །,若一切地悉能演說，而不住於下劣之地，為得此地。,2
བཙུན་པ་ རབ་ འབྱོར་ བྱང་ཆུབ་སེམས་དཔའ་ གང་ དག་ སེམས་ཅན་ ཐམས་ཅད་ ཀྱི་ ཉོན་ མོངས་པ་ སྤང་བ འི་ ཕྱི ར་ ཡང་ བརྩོན་ ལ ། ཆོས་ ཀྱི་ དབྱིངས་ ཟད་པ ར་ ནི་ ཡང་ དག་པ ར་ རྗེས་ སུ་ མི་ ལྟ་བ་ དང་ །,若有修行為盡一切眾生煩惱，而法界無盡，,2
བཙུན་པ་ རབ་ འབྱོར་ བྱང་ཆུབ་སེམས་དཔའ་ གང་ དག་ འདུས་ བྱས་ ལས་ ཀྱང་ བསྐྱོད་ ལ་ འདུས་ མ་ བྱས་ ཀྱང་ ཡང་ དག་པ ར་ མ་ རྙེད་པ་ དང་ །,雖住無為而行有為，,2
བཙུན་པ་ རབ་ འབྱོར་ བྱང་ཆུབ་སེམས་དཔའ་ གང་ དག་ འཁོར་བ་ ལ་ སྐྱེད་མོས་ཚལ་ དང་ གཞལ་མེད་ཁང་ དུ་ ཡང་ འདུ་ཤེས་ ལ་ མྱ་ངན་ ལས་ འདས་པ་ ཡང་ དོན་ དུ་ གཉེར་ ཞིང་ བསམ་པ་ ཡོངས་ སུ་ མ་ རྫོགས་པ་ དང་ །,於生死中如園觀想不求涅槃，為得此地。,3
བཙུན་པ་ རབ་ འབྱོར་ བྱང་ཆུབ་སེམས་དཔའ་ གང་ དག་ བདག་མེད་པ འི་ བཟོད་པ་ ཡང་ ཐོབ་ ལ་ སེམས་ཅན་ ཡོངས་ སུ་ སྨིན་པ ར་ བྱ་བ འི་ ཕྱི ར་ ཡང་ བརྩོན་པ་ དང་ ། །,所有志願悉令圓滿，得無我忍成熟眾生，為得此地。,2
སྨྲས་པ ། འཇམ་ དཔལ་ བྱང་ཆུབ་སེམས་ དཔ འི་ སྤྱོད་པ་ འདི་ དག་ ནི་ འཇིག་རྟེན་ ཐམས་ཅད་ དང་ མི་ འཐུན་པ འོ ། །,須菩提言：「文殊師利！此菩薩行一切世間甚為難信。」,2
སྨྲས་ པ ། བཙུན་པ་ རབ་ འབྱོར་ འདི་ ལྟ ར་ བྱང་ཆུབ་སེམས་དཔའ་ རྣམས་ འཇིག་རྟེན་ གྱི་ ཆོས་ ཡོངས་ སུ་ ཤེས་པ་ དང་ ལྡན་ ཡང་ འཇིག་རྟེན་ གྱི་ ཆོས་ ལས་ ཡང་དག་པ ར་ འདའ་བ འི་ ཕྱི ར་ སེམས་ཅན་ རྣམས་ ལ་ ཆོས་ སྟོན་ ཏོ ། །,文殊師利言：「如是如是，如汝所說。是諸菩薩行於世間超過世法。」,2
ཇི་ ལྟ ར་ བྱང་ཆུབ་སེམས་དཔའ་ རྣམས་ འཇིག་རྟེན་ གྱི་ ཆོས་ ལས་ ཡང་དག་པ ར་ འདའ །,須菩提言：「文殊師利！當為說此超過世間。」,3
སྨྲས་ པ ། བཙུན་པ་ རབ་ འབྱོར་ འཇིག་རྟེན་ ཞེས་ བྱ་བ་ ནི་ ཕུང་པོ་ ལྔའོ ། །,文殊師利言：「[4]夫世間者名為五蘊。,2
དེ་ ལ་ གཟུགས་ ནི་ དབུ་བ་ རྡོ ས་པ་ ལྟ་བུ འོ ། ། ཚོར་བ་ ནི་ ཆུ འི་ ཆུ་ བུ ར་ ལྟ་ བུའོ ། ། འདུ་ ཤེས་ ནི་ སྨིག་རྒྱུ་ ལྟ་བུ འོ ། ། འདུ་ བྱེད་ ཐམས་ཅད་ ནི་ ཆུ་ཤིང་ ལྟ་བུ འོ ། ། རྣམ་པ ར་ ཤེས་པ་ ནི་ སྒྱུ་མ་ ལྟ་བུ འོ ། །,於此蘊中，色聚沫性、受水泡性、想陽焰性、行芭蕉性、識幻性，,4
དབུ་བ་ དང་ ། ཆུ འི་ ཆུ་ བུ ར་ དང་ ། སྨིག་རྒྱུ་ དང་ ། ཆུ་ ཤིང་ དང་ ། སྒྱུ་ མ་ གང་ ཡིན་པ་ དེ་ ལ་ འཇིག་རྟེན་ ཡང་ མེད ། འཇིག་ རྟེན་ དུ་ གདགས་པ་ ཡང་ མེད ། ཕུང་པོ་ རྣམས་ ཀྱང་ མེད ། ཕུང་པོ ར་ གདགས་པ་ ཡང་ མེད་པ ར་,如是當知世間本性，聚沫、陽焰、[5]泡、幻、芭蕉，是中無蘊無[6]蘊名字、無眾生無眾生名字、無世間超過世間。,3
གང་ ཕུང་པོ འི་ རང་བཞིན་ ལ་ དེ་ ལྟ ར་ མོས་པ་ དེ་ ནི་ ཡང་ དག་པ ར་ ཞུགས་ པའོ ། །,若於五蘊如是正知名為勝解，,2
གང་ ཡང་དག་པ ར་ ཞུགས་པ་ དེ་ འཇིག་རྟེན་ གྱི་ ཆོས་ རྣམས་ དང་ མ་ འདྲེས་ པའོ ། །,若本來解脫則不著世法，,1
གང་ འཇིག་རྟེན་ གྱི་ ཆོས་ རྣམས་ དང་ མ་ འདྲེས་པ་ དེ་ འཇིག་རྟེན་ གྱི་ ཆོས་ རྣམས་ ལས་ ཡང་དག་པ ར་ འདའོ ། །,若不著世法則超過世間。,2
བཙུན་པ་ རབ་འབྱོར་ གཞན་ ཡང་ ཕུང་པོ་ ལྔ་ ནི་ རང་བཞིན་ གྱིས་ སྟོང་ ངོ་ ། །,復次須菩提！五蘊本性空，,5
གང་ རང་བཞིན་ གྱིས་ སྟོང་པ་ དེ་ ལ་ གཉིས་སུ་མེད་ དོ ། །,若無我我所是則無二，,2
གང་ གཉིས་སུ་མེད་པ་ དེ་ ལ་ ང ར་ འཛིན་པ་ མེད ། ང་ ཡི ར་ འཛིན་པ་ མེད་ དོ ། །,若本無二則無取捨，,2
གང་ ལ་ ང ར་ འཛིན་པ་ མེད་པ་ དང་ ། ང་ ཡིར་ འཛིན་པ་ མེད་པ་ དེ་ ལ་ ཆགས་པ་ མེད་ དེ །,無取捨故則無所著，,2
ཆགས་པ་ མེད་པ་ རྙེད་པ་ ནི་ འཇིག་རྟེན་ ལས་ ཡང་དག་པ ར་ འདའོ ། །,無所著故則超過世間。,3
བཙུན་པ་ རབ་འབྱོར་ གཞན་ ཡང་ ཕུང་པོ་ ལྔ་ ནི་ རྐྱེན་ ལ་ རག་ ལུས་ པའོ ། །,復次須菩提！是五蘊者屬於因緣，,4
གང་ དག་ རྐྱེན་ ལ་ རག་ ལུས་པ་ དེ་ དག་ རག་ ལུས་པ་ མེད་ པའོ ། །,若屬因緣則不屬我不屬眾生，,3
གང་ དག་ རག་ ལུས་པ་ མེད་པ་ དེ་ དག་ བདག་པོ་ མེད་ པའོ ། །,若不屬我不屬眾生是則無主，,3
གང་ དག་ བདག་པོ་ མེད་པ་ དེ་ དག་ བདག་ གི་ བ་ མེད་པ འོ་,無主則無取，,2
། གང་ དག་ ཡོངས་ སུ་ འཛིན་པ་ མེད་པ་ དེ་ ལ་ འཐབ་པ་ མེད་ དོ ། །,無取則無諍，,4
གང་ ལ་ རྩོད་པ་ མེད་པ་ དེ་ དག་ དགེ་སྦྱོང་ གི་ ཆོས་རྩོད་པ་ མེད་ པའོ ། །,無諍論者是沙門法，,3
གང་ དག་ དགེ་སྦྱོང་ གི་ ཆོས་ མི་ རྩོད་པ་ དེ་ དག་ ནམ་མཁའ་ ལ་ ལག་པ་ དང་ མཚུངས་ ཏེ །,如手畫空無有觸礙。,2
ཆོས་ ཐམས་ཅད་ ཀྱང་ ནམ་མཁའ་ ལ་ ལག་པ་ དང་ མཚུངས་པ ར་ ཤེས་ ནས་ འཇིག་རྟེན་ ལས་ ཡང་དག་པ ར་ འདའོ ། །,修行如是空平等性超過世間。,2
བཙུན་པ་ རབ་འབྱོར་ གཞན་ ཡང་ ཕུང་པོ་ ལྔ་ ནི་ ཆོས་ ཀྱི་ དབྱིངས་ དང་ མཉམ་པ འོ ། །,復次須菩提！五蘊法界同,5
ཆོས་ ཀྱི་ དབྱིངས་ ཀྱང་ དབྱིངས་ མེད་པ་ སྟེ ། །,入法界是則無界，,3
གང་ ཁམས་ མེད་པ་ དེ་ ལ་ ས འི་ ཁམས་ མེད་ དོ ། ། ཆུ འི་ ཁམས་ མེད་ དོ ། ། མེ འི་ ཁམས་ མེད་ དོ ། ། རླུང་ གི་ ཁམས་ མེད་ དོ ། ། ནམ་ མཁ འི་ ཁམས་ མེད་ དོ ། ། རྣམ་པ ར་ ཤེས་པ འི་ ཁམས་ མེད་ དོ ། །,若是無界則無地界水火風界、,2
གང་ ཁམས་ མེད་པ་ དེ་ ལ་ བདག་ མེད ། སེམས་ཅན་ མེད ། སྲོག་མེད ། གསོ་བ་ མེད ། གང་ཟག་ མེད ། ཤེད་ ལས་ སྐྱེས་ མེད ། ཤེད་ བུ་ མེད་ དེ །,無我無眾生無壽命、,2
གང་ གིས་ དེ་ དག་ རྗེས་ སུ་ རྟོགས་པ་ མེད་པ འི་ ཚུལ་ གྱིས་ མཉམ་པ་ཉིད་ དུ་ རྟོགས་པ་ དེ་ འཇིག་རྟེན་ ལས་ ཡང་དག་པ ར་ འདའོ ། །,若無所住則超過世間。」,1
བསྟན་པ་ འདི་ བཤད་པ་ ན་ འཁོར་ དེ་ ལས་ དགེ་སློང་ སྟོང་ ཉིས་ བརྒྱ་ ལེན་པ་ མེད་པ ར་ ཟག་པ་ རྣམས་ ལས་ སེམས་ རྣམ་པ ར་ གྲོལ་ ལོ ། །,說此超過世間法時，二百比丘不受諸法漏盡意解，,2
དེ་ དག་ སེམས་ རྣམ་པ ར་ གྲོལ་ ནས་ རང་ རང་ གི་ བླ་གོས་ ཀྱིས་ འཇམ་དཔལ་ གཞོན་ནུ ར་ གྱུར་པ་ ལ་ བཀབ་ སྟེ ། ཚིག་ འདི་ སྐད་ དུ་ གང་ དག་ ཆོས་ ཟབ་མོ་ བསྟན་པ་ འདི་ ལ་ མོས་པ་ མེད་པ འི་ སེམས་ཅན་ དེ་ དག་ ནི་ ཐོབ་པ་ ཡང་ མེད ། མངོན་པ ར་ རྟོགས་པ་ ཡང་ མེད་ དོ་ ཞེས་ འཛེར་ ཏོ ། །,各各脫欝多羅僧衣以覆文殊師利，作如是言：「若不於此法門生信解者，彼無所得亦無所證。」,3
དེ་ ནས་ ཚེ་ དང་ ལྡན་པ་ རབ་འབྱོར་ གྱིས་ དགེ་སློང་ དེ་ དག་ ལ་ འདི་ སྐད་ ཅེས་ སྨྲས་ སོ ། །,爾時須菩提告彼諸比丘言：,3
ཚེ་ དང་ ལྡན་པ་ དག་ གིས་ ཅི་ ཞིག་ ཐོབ་ ཅིང་ ཅི་ ཞིག་ མངོན་པ ར་ རྟོགས །,「長老！汝等少有所得有所證耶？」,2
དགེ་སློང་ དེ་ དག་ གིས་ འདི་ སྐད་ ཅེས་ སྨྲས་ སོ ། །,諸比丘言：,5
ལྷག་པ འི་ ང་རྒྱལ་ ཅན་ དག་ ནི་ བདག་ གིས་ ཐོབ་བོ ། ། བདག་ གིས་ མངོན་པ ར་ རྟོགས་ སོ་ ཞེས་ འདི་ ལྟ་བུ་ འདི་ དག་ གི་ ཚུལ་ དུ་ རྣམ་པ ར་ རྟོག་པ ར་ འགྱུར་ རོ ། །,「若增上慢者則可說言有得有證，無增上慢沙門法者無得無證。彼於何處生此動念而自謂言：『我如是得我如是證。』若於其中有動念者則是魔業。」,3
སྨྲས་པ ། ཚེ་ དང་ ལྡན་པ་ དག་ གིས་ ལྷག་པ འི་ ང་རྒྱལ་ ཅན་ རྣམས་ ཤེས་ སམ །,須菩提言：「長老！如汝所解，何得何證作是說乎？」,1
སྨྲས་པ ། བཅོམ་ལྡན་འདས་ མཁྱེན་པ་ དང་ ལྡན་པ ས་ མཁྱེན་ ཏེ །,諸比丘言：「唯佛世尊及文殊師利知我所得、知我所證。,1
བདག་ཅག་ ནི་ ཇི་ ལྟ ར་ སྡུག་ བསྔལ་ གྱི་ མཚན་ཉིད་ མི་ ཤེས་པ ར་ བདག་ གིས་ སྡུག་བསྔལ་ ཡོངས་ སུ་ ཤེས་ སོ་ ཞེས་ སྨྲ་བ་ ལྷག་པ འི་ ང་རྒྱལ་ཅན་ དུ་ རིག་པ ར་ བྱ་ ཞིང་ ཀུན་ འབྱུང་བ འི་ མཚན་ཉིད་ དང་ ། འགོག་པ འི་ མཚན་ཉིད་ དང་ ། ལམ་ གྱི་ མཚན་ཉིད་ མི་ ཤེས་པ་ བདག་ གིས་ ལམ་ བསྒོམས་ སོ་ ཞེས་ སྨྲ་བ་ ལྷག་པ འི་ ང་རྒྱལ་ཅན་ དུ་ རིག་པ ར་ བྱ འོ་ སྙམ་ མོ ། །,大德！如我所解，若不了知苦相，作是說言苦我應知，為增上慢。如是集應斷、滅應證、道應修，為增上慢。彼不了知苦集滅道相故。作是說言，乃至道我已修，為增上慢。,2
དེ་ ཅི འི་ ཕྱི ར་ ཞེ་ ན ། སྡུག་ བསྔལ་ གྱི་ མཚན་ཉིད་ དང་ ། ཀུན་ འབྱུང་བ འི་ མཚན་ཉིད་ དང་ ། འགོག་པ འི་ མཚན་ཉིད་ དང་ ། ལམ་ གྱི་ མཚན་ཉིད་ གང་ ཡིན་པ་ དེ་ ནི་ སྐྱེ་བ་ མེད་པ འི་ མཚན་ཉིད་ དེ ། སྐྱེ་བ་ མེད་པ འི་ མཚན་ཉིད་ ནི་ མཚན་ཉིད་ མེད་ པའོ །,云何苦相？謂無生相。如是集滅道相若無生相，即是無相無所得。,3
ཆོས་ ཐམས་ཅད་ མཉམ་པ་ ཉིད་ འདི་ ཐོས་ ནས་ སྐྲག་པ་ དེ་ ལྷག་པ འི་ ང་རྒྱལ་ ཅན་ ཡིན་པ ར་ རིག་པ ར་ བྱའོ ། །,若於此說聖諦義中不驚不怖不畏者，非增上慢；若生驚怖，為增上慢。」,2
དེ་ ནས་ བཅོམ་ལྡན་འདས་ ཀྱིས་ དགེ་སློང་ དེ་ དག་ ལ་ ལེགས་ སོ་ ཞེས་ བྱ་བ་ བྱིན་ ཏེ ། གནས་ བརྟན་ རབ་འབྱོར་ ལ་ བཀའ་ སྩལ་པ ། །,爾時世尊讚彼諸比丘言：「善哉善哉。」,2
རབ་འབྱོར་ དགེ་སློང་ འདི་ དག་ གིས་ དེ་བཞིན་གཤེགས་པ་ འོད་སྲུང་ གི་ གསུང་རབ་ ལ་ འཇམ་དཔལ་ གཞོན་ནུ ར་ གྱུར་པ་ ཉིད་ ལས་ ཟབ་མོ འི་ ཆོས་ བསྟན་པ་ འདི་ ལྟ་བུ་ འདི་ ཐོས་ ཏེ ། ཆོས་ ཟབ་མོ་ མཉན་པ་ དེ་ ཉིད་ ཀྱི་ རྒྱུས་ འདི་ ལྟ ར་ མངོན་པ ར་ ཤེས་པ་ མྱུར་བ ར་ གྱུར་ ཏོ ༎ ་ ཟབ་མོ འི་ ཆོས་ བསྟན་པ་ འདི་ ལ་ ཡང་ རྗེས་ སུ་ འཐུན་པ ར་ གྱུར་ ཏེ་ མི་ འཐུན་པ་ མ་ ཡིན་ ནོ ། །,告須菩提：「此等比丘於迦葉佛法中曾聞文殊師利演說如是甚深之法。此等比丘往昔修行是深法故，今聞隨順速能了知。,3
རབ་འབྱོར་ རྣམ་གྲངས་ དེ ས་ ན་ ཐེག་པ་ ཆེན་པོ་ ལ་ ཡང་ དག་པ ར་ ཞུགས་པ་ རྣམས་ མ་ གཏོགས་པ ར་ གང་ དག་པ འི་ གསུང་རབ་ འདི་ ལ་ ཆོས་ ཟབ་མོ་ བསྟན་པ་ འདི་ ཉན་ ཅིང་ ཐོས་ ནས་ ཀྱང་ ལྷག་པ ར་ མོས་པ་ དེ་ དག་ ཐམས་ཅད་ ནི་ དེ་བཞིན་གཤེགས་པ་ བྱམས་པ འི་ གསུང་རབ་ ལ་ འདུས་པ་ གསུམ་ གྱི་ གྲངས་ སུ་ གཏོགས་པ ར་ རིག་པ ར་ བྱའོ ། །,如是次第於我法中聞是深法生信解者，一切當於彌勒法中得入眾數。」,2
དེ་ ནས་ ལྷ འི་ བུ་ དཔལ་ བཟངས་ ཀྱིས་ འཇམ་དཔལ་ གཞོན་ནུ ར་ གྱུར་པ་ ལ་ འདི་ སྐད་ ཅེས་ སྨྲས་ སོ ། །,爾時善德天子白文殊師利言：,4
འཇམ་དཔལ་ ཁྱོད་ རྒྱུན་ ཏུ་ འཛམ་བུ འི་ གླིང་ ན་ ཆོས་སྟོན་ ཏམ ། །,「仁者於此閻浮提中數數說法，,4
དེ ར་ དགའ་ལྡན་ གྱི་ རིས་ ཀྱི་ ལྷ་ རྣམས་ ལ་ ཆོས་ བསྟན་ དུ་ གསོལ ། དེ་ ན་ ལྷ འི་ བུ་ སྔོན་ གྱི་ རྒྱལ་བ་ ལ་ ལྷག་པ ར་ བྱ་བ་ བྱས་པ་ དགེ་བ འི་ རྩ་བ་ བསྐྱེད་པ་ དག་ ཡོད་ དེ །,我等願請仁者往兜率陀天。彼諸天子亦有久殖廣大善根，彼若聞法則應解了。,3
དེ་ དག་ ཡུལ་ ཕུན་སུམ་ཚོགས་པ ས་ བག་ མེད་པ འི་ དབང་ གིས་ བཅོམ་ལྡན་འདས་ དང་ ། ཁྱོད་ ལ་ ཆོས་ ཉན་ དུ་ མི་ འོང་བ ས་ ན་ དེ་ དག་ ཆོས་ མི་ ཉན་པ ས་ ཡོངས་ སུ་ ཉམས་པ ར་ འགྱུར་ ཏེ ། །,以著樂故，不能來至佛所聽法而自損減。」,2
དེ་ ནས་ འཇམ་དཔལ་ གཞོན་ནུ ར་ གྱུར་པ ས་ དེ འི་ ཚེ་ གང་ གིས་ ལྷ འི་ བུ་ དཔལ་ བཟངས་ དང་ ། ། ཐམས་ཅད་ དང་ ལྡན་པ འི་ འཁོར་ དེ་ དག་ དགའ་ལྡན་ གྱི་ གནས་ སུ་ བཞུགས་པ ར་ བདག་ཉིད་ ཀྱིས་ ཤེས་པ་ དང་ །,爾時文殊師利即現神變，令善德天子及一切眾會皆悉自謂入兜率陀天宮，,4
ཉམས་དགའ་བ འི་ ཀུན་དགའ་ར་བ་ དང་ ། ཉམས་ དགའ་བ འི་ ཚལ་ དང་ ། ཉམས་དགའ་བ འི་ རྫིང་ དང་ ། ཉམས་ དགའ་བ འི་ སྐྱེད་མོས་ཚལ་ དང་ ། རིམ་པ་ བདུན་ དང་ ། བརྒྱད་ དང་ ། བཅུ་ དང་ ། ཉི་ ཤུ་པ འི་ ཁང་པ་ བརྩེགས་པ་ བསིལ་ཁང་ དང་ ། བ་གམ་ དང་ ། སྟེགས་བུ་ དང་ ། རྟ་བབས་ དང་ ། སྐར་ཁུང་ དང་ ལྡན་པ་ དེ་ དག་ ཀྱང་ སྣང་བ་ དང་ །,見彼園林、宮殿樓觀、欄楯窓牖，間錯莊嚴。其諸寶臺層級高廣至二十重，眾寶網幔天花遍布，,2
ལྷ འི་ བུ་མོ་ རྐང་ལག་ འཇམ་ ཞིང་ མཉེན་ པ ། གསེར་ གྱི་ དྲ་བ་ ལྟ ར་ འོད་ རྣམ་པ ར་ དག་ པ ། སྨིན་མ་ ལེགས་ པ ། འཕྲལ་བ་ ལེགས་ པ ། བཞིན་ལེགས་ པ ། མིག་ པད་མ་ འདབ་མ་ བརྒྱད་པ་ སྔོན་པོ་ ལྟ་བུ ར་ མཛེས་ ཤིང་ དྲི་མ་ མེད་པ་ ཤིན་ དུ་ ཡངས་ པ ། འདོད་པ འི་ སེམས་བསྐྱེད་ པ ། ཟླ་བ་ ཚེས་པ་ ལྟ ར་ མངོན་པ ར་ དགའ་ བ ། བཞིན་ འཛུམ་པ་ དང་ བཅས་པ་ དེ་ དག་ རྒྱུད་ གཅིག་པ་ དང་ ། པི་ བང་ དང་ ། སྒྲ་ སྙན་ དང་ ། ཁར་བ འི་ སིལ་ཁྲོལ་ དང་ ། ཕེག་ དང་ ། རྔ་ ཟླུམ་ དང་ ། རྫ་རྔ་ དང་ ། རྔ་ སྙན་པ་ དང་ ། གླིང་བུ་ དང་ ། གླུ་དབྱངས་ དང་ ། རོལ་མོ འི་ དབྱངས་ སྒྲ་ དང་ ། གར་ དང་ ། བཞད་གད་ དང་ ། འཇོ་བ་ དང་ ། སྒེག་པ་ དང་ ། རྩེ་བ ས་ རྒྱགས་ ཤིང་ དགའ་བ་ དང་ ། རྩེ་བ་ དང་ ། དགའ་ མགུར་ སྤྱོད་པ་ དག་ ཀྱང་ སྣང་བ་ དེ་ ལྟ་བུ འི་ རྫུ་འཕྲུལ་ མངོན་པ ར་ བྱ་བ་ མངོན་པ ར་ བྱས་ སོ ། །,於虛空中有諸天女散曼陀羅花，歌詠讚歎遊戲快樂。,1
མཐོང་ ནས་ ཀྱང་ ངོ་མཚར་ དུ་ གྱུར་ ཏེ ། འཇམ་དཔལ་གཞོན་ནུ ར་ གྱུར་པ་ ལ་ འདི་ སྐད་ ཅེས་ སྨྲས་ སོ ། །,善德天子見是事已，白文殊師利言：,2
འཇམ་དཔལ་ བདག་ཅག་ འདི་ ལྟ ར་ མྱུར་ དུ་ དགའ་ལྡན་ གྱི་ གནས་ སུ་ ཕྱིན་ ཏེ ། ཉམས་ དགའ་བ འི་ ཀུན་དག འི་ ར་བ་ འདི་ དག་ དང་ ཞེས་ བྱ་བ་ ནས ། དགའ་བ་ དང་ ། རྩེ་བ་ དང་ ། དགའ་ མགུར་ སྤྱོད་པ་ དང་ ། བདག་ གི་ རང་ གི་ གནས་ འདི་ དང་ རང་ གི་ གཡོག་ ཅེས་ བྱ་བ འི་ བར་ དུ་ སྦྱར་ ཏེ ། འདི་ དག་ སྣང་བ་ ངོ་མཚར་ ཏོ ། །,「希有文殊！云何我等如是速疾已到兜率陀天宮，見此園林及諸天眾？文殊師利願為說法。」,2
དེ་ ནས་ ཚེ་ དང་ ལྡན་པ་ རབ་འབྱོར་ གྱིས་ ལྷ འི་ བུ་ དཔལ་ བཟངས་ ལ་ འདི་ སྐད་ ཅེས་ སྨྲས་ སོ ། །,爾時長老須菩提告善德言：,5
ལྷ འི་ བུ་ ཁྱོད་ ནི་ འཁོར་ གྱི་ དཀྱིལ་འཁོར་ འདི་ ནས་ གང་ དུ་ ཡང་ མ་ གཡོས་ ལ ། དགའ་ལྡན་ གྱི་ གནས་ སུ་ ཡང་ མ་ ཕྱིན་ ཏེ ། ལྷ འི་ བུ་ འོན་ ཀྱང་ ཐམས་ཅད་ དང་ ལྡན་པ འི་ འཁོར་ འདི་ དགའ་ལྡན་ གྱི་ གནས་ སུ་ ཞུགས་པ ར་ བདག་ཉིད་ ཀྱིས་ ཤེས་པ་ དང་ ། ལྷ འི་ བུ་ ཁོ་བོ་ ཅག་ ཀྱང་ དགའ་ལྡན་ གྱི་ གནས་ སུ་ ཞུགས་པ ར་ བདག་ཉིད་ ཀྱིས་ ཤེས་པ་ དེ་ ནི་ འཇམ་དཔལ་ གཞོན་ནུ ར་ གྱུར་པ འི་ རྫུ་འཕྲུལ་ རྣམ་པར་ འཕྲུལ་བ འི་ ཆོ་འཕྲུལ་ དང་ ། ཏིང་ངེ་འཛིན་ གྱི་ བྱིན་ གྱིས་ བརླབས་ ཀྱི་ སྟོབས་ སོ ། །,「天子！汝不離會中而往餘處，是文殊師利神通變化，令汝自見入兜率天宮。」,3
དེ་ ནས་ བཅོམ་ལྡན་འདས་ ལ་ ལྷ འི་ བུ་ དཔལ་ བཟངས་ ཀྱིས་ འདི་ སྐད་ ཅེས་ གསོལ་ ཏོ ། །,爾時善德天子白佛言：,5
བཅོམ་ལྡན་འདས་ འཇམ་དཔལ་ གཞོན་ནུ ར་ གྱུར་པ འི་ རྫུ་འཕྲུལ་ རྣམ་པར་ འཕྲུལ་བ འི་ སྟོབས་ དང་ ། ཏིང་ངེ་འཛིན་ གྱི་ བྱིན་ གྱིས་ བརླབས་ ཀྱི་ སྟོབས་ འདི་ ནི་ བསམ་ གྱིས་ མི་ ཁྱབ་ སྟེ ། འདི་ ལྟ ར་ ཐམས་ཅད་ དང་ ལྡན་པ འི་ འཁོར་ འདི་ ས་ཕྱོགས་ འདི་ ནས་ གང་ དུ་ ཡང་ མ་ གཡོས་པ ར་ འདི་ སྙམ་ དུ་ བདག་ཅག་ དགའ་ལྡན་ གྱི་ གནས་ སུ་ ཕྱིན་ ཏོ་ སྙམ་པ་ ནི་ ངོ་ མཚར་ ལགས་ སོ ། །,「希有世尊！文殊師利遊戲三昧神通變化，於一剎那中示現此會悉入兜率天宮。」,2
བཅོམ་ལྡན་འདས་ ཀྱིས་ བཀའ་ སྩལ་པ ། ལྷ འི་ བུ་ འཇམ་དཔལ་ གཞོན་ནུ ར་ གྱུར་པ འི་ རྫུ་འཕྲུལ་ རྣམ་པ ར་ འཕྲུལ་པ་ ཇི་ སྙེད་ ཅིག་ ང ས་ ཤེས་པ་ ལས་ ཁྱོད་ ཀྱིས་ ཇི་ ཙམ་ ཞིག་ ཤེས་ ཏེ །,佛言：「天子！汝於文殊師利神通變化豈是見耶？,2
ལྷ འི་ བུ་ འཇམ་དཔལ་ གཞོན་ནུ ར་ གྱུར་པ་ འདོད་ ན་ སངས་རྒྱས་ ཀྱི་ ཞིང་ གི་ ཡོན་ཏན་ བཀོད་པ་ གང་གཱ འི་ ཀླུང་ གི་ བྱེ་མ་ སྙེད་ གང་ དག་ ཡོད་པ་ དེ་ དག་ ཐམས་ཅད་ ཞིང་ གཅིག་ ཏུ་ ཡང་དག་པ ར་ སྟོན་ ཏོ ། །,如我所知，文殊師利若欲以恒河沙等諸佛剎土功德莊嚴集一佛國，悉皆能現。,3
སངས་རྒྱས་ ཀྱི་ ཞིང་ གང་གཱ འི་ ཀླུང་ གི་ བྱེ་མ་ སྙེད་ གང་ དག་ ཡོད་ པ ། དེ་ དག་ གཙུག་ཕུད་ ཀྱིས་ ཕུག་ སྟེ ། སྟིང་ གི་ བར་སྣང་ གི་ ནམ་མཁའ་ ལ་ འཇོག་ གོ་,或以指端舉恒河沙諸佛剎土，過於上方如恒河沙諸佛土已置於虛空，,2
། སངས་ རྒྱས་ ཀྱི་ ཞིང་ དེ་ དག་ ན་ རྒྱ་མཚོ་ ཆེན་པོ ར་ གྱུར་པ འི་ ཆུ འི་ ཕུང་པོ་ གང་ དག་ ཡོད་པ་ དེ་ དག་ ཐམས་ཅད་ སྤུ འི་ ཁུང་བུ་ གཅིག་ ཏུ་ བླུགས་ ཀྱང་ ཆུ འི་ སེམས་ཅན་ རྣམས་ ལ་ གནོད་པ་ མེད་ དེ ། ཐམས་ཅད་ ཀྱང་ རང་ རང་ གི་ རྒྱ་མཚོ་ ཆེན་པོ་ ན་ གནས་པ ར་ བདག་ཉིད་ ཀྱིས་ ཤེས་ སོ ། །,又諸佛剎所有四大海水入一毛孔，水性眾生亦不迫迮，而皆自見不離海中。,3
སངས་རྒྱས་ ཀྱི་ ཞིང་ དེ་ དག་ ན་ རི འི་ རྒྱལ་པོ་ རི་རབ་ གང་ དག་ ཡོད་པ་ དེ་ དག་ ཐམས་ཅད་ རི་ གཅིག་ ཏུ་ བྱིན་ གྱིས་ བརླབས་ ཏེ ། རི་ དེ་ དག་ ཡུངས་ཀར་ གྱི་ འབྲུ འི་ ནང་ དུ་ བཅུག་ ཀྱང་ རི་རབ་ ལ་ གནས་པ འི་ ལྷ་ དེ་ དག་ ལ་ ཡང་ གནོད་པ་ མེད་ དེ ། ཐམས་ཅད་ ཀྱང་ རང་ རང་ གི་ གནས་ ན་ འཁོད་པ ར་ བདག་ ཉིད་ ཀྱིས་ ཤེས་ སོ ། །,所有世界諸須彌山王，皆悉置於芥子之內，依須彌住諸天子等，而皆自謂在其本宮。,3
སངས་རྒྱས་ ཀྱི་ ཞིང་ དེ་ དག་ ན་ འགྲོ་བ་ ལྔ ར་ སྐྱེས་པ འི་ སེམས་ཅན་ གང་ དག་ ཡོད་པ་ དེ་ དག་ ཐམས་ཅད་ ལག་པ་ གཡས་པ འི་ མཐིལ་ དུ་ བཞག་ སྟེ ། འཇིག་ རྟེན་ གྱི་ ཁམས་བདེ་བ་ ཐམས་ཅད་ ཀྱིས་ རབ་ ཏུ་ བརྒྱན་པ འི་ སེམས་ཅན་ རྣམས་ ཀྱི་ བདེ་བ ར་ སྦྱར་བ་ ཅི་ འདྲ་བ་ དེ་ ལྟ་བུ་ དག་ དེ་ དག་ ལ་ སྒྲུབ་ པོ ། །,又諸佛剎所有五道眾生，悉皆安置於其掌中，眾妙資具猶如一切樂莊嚴國，咸令得見。,2
གང་ ཡང་ སངས་རྒྱས་ ཀྱི་ ཞིང་ གང་གཱ འི་ ཀླུང་ གི་ བྱེ་མ་ སྙེད་ སྲེག་པ ར་ བྱེད་པ འི་ མེ་ དེ་ དག་ ཐམས་ཅད་ མར་མེ འི་ སྙིང་པོ་ གཅིག་ གི་ མེ་ལྕེ་ ཙམ་ གྱི་ མེ ར་ བྱིན་ གྱིས་ རློབ་ སྟེ ། དེས་ བྱ་བ་ བྱེད་པ་ གང་ ཡིན་པ་ དེ་ བྱེད་ དོ ། །,又諸世界所有火聚，悉皆安置一兜羅中。,1
སངས་རྒྱས་ ཀྱི་ ཞིང་ གང་གཱ འི་ ཀླུང་ གི་ བྱེ་མ་ སྙེད་ དག་ ན་ ཉི་མ་ དང་ ཟླ་བ འི་ འོད་ གང་ དག་ ཡོད་པ་ དེ་ དག་ ཐམས་ཅད་ སྤུ འི་ ཁུང་བུ་ གཅིག་ གི་ འོད་ ཀྱིས་ ཟིལ་ དུ་ རླག་པ ར་ བྱེད་ དོ །,復次諸佛世界所有日月，於一毛孔悉能覆蔽。,1
དེ་ ནས་ བདུད་ སྡིག་ཅན་ འཁོར་ དེ་ ཉིད་ དུ་ འདུས་པ ར་ གྱུར་ ནས་ འདུག་ སྟེ ། དེས་ བདག་ ཉིད་ དགེ་སློང་ གི་ གཟུགས་ སུ་ བྱིན་ གྱིས་ བརླབས་ ནས་ བཅོམ་ལྡན་འདས་ ལ་ འདི་ སྐད་ ཅེས་ གསོལ་ ཏོ ། །,爾時惡魔化作比丘白佛言：,2
བཅོམ་ལྡན་འདས་ འཇམ་དཔལ་ གཞོན་ནུ ར་ གྱུར་པ འི་ རྫུ་འཕྲུལ་ རྣམ་པར་ འཕྲུལ་པ འི་ ཆོ་འཕྲུལ་ དེ་ བདག་ གིས་ བལྟ་བ ར་ བགྱིའོ །,「世尊！我等欲見文殊師利現前作此神通變化。,4
དེ་ ནས་ བཅོམ་ལྡན་འདས་ ཀྱིས་ བདུད་སྡིག་ཅན་ དུ་ མཁྱེན་ བཞིན་ དུ་ སེམས་ཅན་ ཚད་ མེད་པ་ དེ་ དག་ གི་ དགེ་བ འི་ རྩ་བ་ རྣམ་པ ར་ སྤེལ་བ འི་ ཕྱི ར་ འཇམ་དཔལ་ གཞོན་ནུ ར་ གྱུར་པ་ ལ་ འདི་ སྐད་ ཅེས་ བཀའ་ སྩལ་ ཏོ ། །,爾時世尊告文殊師利言：,2
འཇམ་དཔལ་ ང ས་ ཁྱོད་ ལ་ བསྐུལ་ གྱིས་ ཁྱོད་ ཀྱིས་ འཁོར་ འདི་ དག་ ལ་ རང་ གི་ རྫུ་འཕྲུལ་ གྱི་ སྟོབས་ དང་ ཆོ་འཕྲུལ་ སྟོན་ ཅིག་ དང་ ། སེམས་ཅན་ ཚད་ མེད་པ་ རྣམས་ ཀྱི་ དགེ་བ འི་ རྩ་བ་ རྣམ་པ ར་ འཕེལ་བ ར་ འགྱུར་ རོ ། །,「汝當於此眾會示現神變。」,2
དེ་ ནས་ འཇམ་དཔལ་ གཞོན་ནུ ར་ གྱུར་པ་ བཅོམ་ལྡན་འདས་ ཀྱིས་ བསྐུལ་བ ར་ ཤེས་ ནས་ ཆོས་ ཐམས་ཅད་ སེམས་ ཀྱིས་ དབང་ སྒྱུར་བ་ རྣམ་པ ར་ འཕྲུལ་པ་ ཞེས་ བྱ་བ འི་ ཏིང་ངེ་འཛིན་ ལ་ སྙོམས་པ ར་ ཞུགས་ སོ ། །,爾時文殊師利不起于座，入心自在一切法莊嚴三昧。,3
འཇམ་དཔལ་ གཞོན་ནུ ར་ གྱུར་པ ས་ ཆོས་ ཐམས་ཅད་ སེམས་ ཀྱིས་ དབང་ སྒྱུར་བ་ རྣམ་པར་ འཕྲུལ་པ འི་ ཏིང་ངེ་འཛིན་ ལ་ སྙོམས་པ ར་ ཞུགས་ མ་ ཐག་ ཏུ་ དེ་ ནས་ དེ འི་ མོད་ ལ་ ཐམས་ཅད་ དང་ ལྡན་པ འི་ འཁོར་ དེ ས་ འཇམ་དཔལ་ གཞོན་ནུ ར་ གྱུར་པ འི་ རྫུ་འཕྲུལ་ རྣམ་པར་ འཕྲུལ་པ འི་ ཆོ་འཕྲུལ་ བཅོམ་ལྡན་འདས་ ཀྱིས་ ཇི་ སྐད་ གསུངས་པ་ དེ་ བཞིན་ དུ་ མ་ ཆད་པ་ དང་ ། མ་ ལྷག་པ་ དང་ ། མི་ མང་བ ར་ མཐོང་ ངོ་ ། །,于時如佛所說神通變化皆悉示現，,1
དེ་ ནས་ ཐམས་ཅད་ དང་ ལྡན་པ འི་ འཁོར་ གྱིས་ ཆོ་འཕྲུལ་ དེ་ མཐོང་ ནས་ ངོ་མཚར་ དུ་ གྱུར་ ཏེ ། སངས་ རྒྱ ས་ བྱུང་བ་ ལེགས་ སོ་ ལེགས་ སོ ། ། སངས་ རྒྱས་བྱུང་བ་ ནི་ སེམས་ཅན་ རྣམས་ ལ་ དོན་ཆེན་པོ ར་ ཉེ་བ ར་ གནས་ སོ ། ། དེ་ བྱུང་བ ས་ སྐྱེས་བུ་ དམ་པ་ འདི་ ལྟ་བུ་ འདི་ དག་ ཀྱང་ འཇིག་རྟེན་ དུ་ བྱུང་བ་ ཡིན་ ནོ ། ། ཆོ་འཕྲུལ་ བསམ་ གྱིས་ མི་ ཁྱབ་པ་ འདི་ ལྟ་བུ་ ཡང་ འཇིག་རྟེན་ ན་ སྣང་བ་ ཡིན་ ནོ་ ཞེས་ ཆེད་ དུ་ བརྗོད་པ་ ཆེད་ དུ་ བརྗོད་ དོ ། །,魔與眾會及善德天子一切皆見。爾時大眾見此神變歎未曾有，作如是言：「善哉善哉！由佛出現有此正士，於世間中開是法門現諸神變。」,1
དེ་ ནས་ བདུད་ སྡིག་ཅན་ གྱིས་ ཆོ་འཕྲུལ་ དེ་ མཐོང་ སྟེ ། ངོ་ མཚར་ དུ་ གྱུར་ ནས་ ཐལ་མོ་ སྦྱར་ ཏེ་ འཇམ་དཔལ་ གཞོན་ནུ ར་ གྱུར་པ་ ལ་ ཕྱག་ འཚལ་ ཞིང་ ཚིག་ འདི་ སྐད་ ཅེས་ སྨྲས་ སོ ། །,爾時惡魔以文殊師利威神力故作如是言：,2
འཇམ་དཔལ་ གཞོན་ནུ ར་ གྱུར་པ འི་ རྫུ་འཕྲུལ་ གྱི་ ཆོ་འཕྲུལ་ བསམ་ གྱིས་ མི་ ཁྱབ་ སྟེ་ ངོ་མཚར་ ཏོ ། །,「希有世尊！文殊師利有此神通，,3
སེམས་ཅན་ གང་ དག་ ཆོ་འཕྲུལ་ བཤད་པ་ འདི་ ཐོས་ ནས་ མོས་པ་ དེ་ དག་ ངོ་མཚར་ ཆེ་བ ར་ བདག་ གིས་ བསམས་ སོ ། །,今此眾會亦為希有，於文殊師利神通變化而得信解。,1
བཅོམ་ལྡན་འདས་ གལ་ ཏེ་ བདུད་ སྡིག་ཅན་ གང་གཱ འི་ ཀླུང་ གི་ བྱེ་མ་ སྙེད་ དུ་ གྱུར་ ཀྱང་ དེ་ ལྟ ར་ མོས་པ འི་ སེམས་ཅན་ དེ་ ལ་ བར་ཆད་ བགྱི་བ འི་ རྔོ་ མི་ ཐོག་ ལགས་ སོ ། །,世尊！設有如恒河沙等諸魔，不能於此信解善男子善女人而作留難。,2
བཅོམ་ལྡན་འདས་ བདུད་ སྡིག་ཅན་ བདག་ ནི་ རྟག་ ཏུ་ རྒྱུན་ མི་ འཆད་པ ར་ དེ་བཞིན་གཤེགས་པ་ ལ་ གླགས་ ལྟ་ ཞིང་ སྐབས་ ཚོལ་བ་ དང་ ། སེམས་ཅན་ རྣམས་ ལ་ ཡང་ གཙེ་བ ར་ སེམས་པ་ དང་ ། བརྩོན་པ འི་ གང་ཟག་ རྣམས་ ཀྱི་ དགེ་བ འི་ རྩ་བ འི་ བར་ཆད་ བགྱི་བ འི་ སླད་ དུ་ ཡང་ ཞུགས་པ་ ལགས་ ཏེ ། བཅོམ་ལྡན་འདས་ དེང་ སླན་ཆད་ གྲོང་ དང་ ། གྲོང་ཁྱེར་ དང་ ། གྲོང་རྡལ་ དང་ ། ལྗོངས་ དང་ ། ཡུལ་འཁོར་ དང་ ། ཕོ་བྲང་འཁོར་ གང་ ན་ ཆོས་ ཀྱི་ རྣམ་གྲངས་ འདི་ རབ་ ཏུ་ སྤྱོད་པ་ དེ ར་ ཁོ་ར་ཁོར་ཡུག་ ཏུ་ དཔག་ཚད་ བརྒྱ་ ཚུན་ཆད་ དུ་ མིག་ གིས་ མི་ རྩོལ་བ ར་ བགྱི་བ འི་ སླད་ དུ་ བདག་ མི་ མཆི་བ ར་ བདག་ ཡི་དམ་ དེ་ ལྟ་བུ་ བླང་བ ར་ བགྱིའོ ། །,我亦惡魔波旬，恒求佛便惱亂眾生。我從今往自立誓願，若於此法門流行之處，有生信解愛樂受持讀誦演說，於四面百由旬外不於中過。,2
བཅོམ་ལྡན་འདས་ ལགས་ ཀྱང་ བདག་ གི་ འཁོར་ གང་ དེ་བཞིན་གཤེགས་པ འི་ བསྟན་པ འི་ བར་ཆད་ བགྱི་བ་ དང་ ། བརྩོན་པ་ རྣམས་ གཡེངས་པ ར་ བགྱི་བ འི་ སླད་ དུ་ ཞུགས་པ་ དག་ མཆིས་ ཏེ་ དེ་ དག་ ཆད་པ ས་ དགུམ་པ འི་ སླད་ དུ་ རིགས་ ཀྱི་ བུ འམ་ རིགས་ ཀྱི་ བུ་མོ་ དེ་ དག་ གིས་ གསང་སྔགས་ ཀྱི་ ཚིག་ འདི་ དག་ དྲན་པ ར་ བགྱིའོ ། །,世尊！然我眷屬有欲斷滅如來法故，令修行者其心散亂，我為降伏說陀羅尼。,2
ཏདྱ་ཐཱ ། ཨ་མ་ ལེ ། བི་ མ་ ལེ ། སྠི་ཏ་ ཏྭེ ། ཨ་ ག་ལ་ མ་ ནི་ རྫི་ ཏ་ ཤ་ ཏྲུ ། ཛ་ཡེ་ ཛ་ཡ་ བ་ཏི ། བྷཱུ་ཏ་ མ་ཏི ། ཤ་ མེ ། ཤཱན་ ཏི ། ཨ་ ཕུ་ མེ ། ཕུ་ཕུ་ མེ ། དྷི་ རེ ། ཨ་ ཁེ ། མ་ ཁེ ། ཁ་ ཁེ ། མི་སི་ ལེ ། ཨ་ག་མེ ། ཕུ་ ལ་ ཏེ ། ཕུ་ ལ ། ཕུ་ ལེ ། ཕ་ ཤུ་ མེ ། ཤུ་ ཤུ་ མེ ། དྷི་ དྷེ་ རེ ། ཨ་ ན་བ་ ན་ ཏེ ། སྠི་ཏ་ ཏྭེ ། ཀྲྀ་ ཏཱ་ར་ ཐེ ། ཀྲི་ ཏཱ་ བཱིརྱ ། བཻ་ རོ་ཙ་ ནསད་ དྷརྨ་ བྷ་ ཎ་ ཀོ་ སྱ་ སཱུ་ ཏྲ་ སྱ་ དྷཱ་རི་ ཀ ། ཨ་ བྷྲ་ མུ་ག་ ཏ་ ཨི་བ་ སཱུརྱ་ སྭཱ་ ཧཱ ། །,即說呪曰： 「怛姪他(一)　阿末麗(二)　毘末麗(三)　替哆低(四)　阿羯椑(五)　是多設堵嚕(六)　誓曳杜野筏低(七)　部多筏低伽米麗(八)　[1][口*肩]低(九)　蘇普低(十)　普普細(十一)　地唎蘇溪(十二)　㥜提(十三)　可詣(十四)　米洗禮(十五)　央矩麗跋麗(十六)　呼盧忽𪏭(十七)　索醯(十八)　輸戍米提地唎(十九)　阿那筏低底底使咤泥(二十)　吃[2]唎多唎低(二十一)　吃[3]利多費低(二十二)　𦘺盧遮都費低漫怛囉悖馳[4]那駞[5]𡀔迦(二十三)　阿(去聲)跋羅目多𪾼嚩蘇唎[6]耶(二十四),5
བཅོམ་ལྡན་འདས་ རིགས་ ཀྱི་ བུ་ འམ་ རིགས་ ཀྱི་ བུ་མོ་ གང་ དག་ གསང་སྔགས་ ཀྱི་ ཚིག་ འདི་ དག་ བརྗོད་པ ས་ གཡེང་བ་ མ་ མཆིས་པ འི་ རྒྱུད་ ཀྱིས་ གདུགས་མཚན་ འདས་པ ར་ བགྱིད་པ་ དེ་ དག་ ལྷ་ རྣམས་ ཀྱིས་ བསྲུངས་པ ར་ འགྱུར ། ཀླུ་ དང་ ། གནོད་སྦྱིན་ དང་ ། དྲི་ཟ་ དང་ ། ལྷ་མ་ཡིན་ དང་ ། ནམ་མཁའ་ ལྡིང་ དང་ ། མི་ འམ་ ཅི་ དང་ ། ལྟོ་འཕྱེ་ ཆེན་པོ་ དང་ ། མི་ དང་ ། མི་ མ་ ལགས་པ་ རྣམས་ ཀྱིས་ བསྲུངས་པ ར་ འགྱུར་ ཏེ ། དེ་ དག་ ལ་ སླ ར་ རྒོལ་ བ འམ་ མི་ མཛའ་བ་ གང་ གིས་ གླགས་ བལྟས་ ཀྱང་ གླགས་ རྙེད་པ ར་ མི་ འགྱུར་ ལགས་ སོ ། །,「世尊！若善男子善女人專精受持此陀羅尼心不散亂，常為諸天、龍神、夜叉、乾闥婆、阿修羅、迦樓羅、緊那羅、摩睺羅伽等之所守護，一切惡鬼無能得便。」,2
འདི ར་ ཁྱོད་ ཀྱིས་ གསང་སྔགས་ ཀྱི་ ཚིག་ བསྟན་པ་ བརྗོད་པ ས་ འཇིག་རྟེན་ གྱི་ ཁམས་ གང་གཱ འི་ ཀླུང་ གི་ བྱེ་མ་ སྙེད་ རྣམ་པ་ དྲུག་ ཏུ་ གཡོས་ ཏེ ། །,彼魔波旬說此呪時，三千大千世界六種震動。,2
འཇམ་དཔལ་ གཞོན་ནུ ར་ གྱུར་པ འི་ རྫུ་འཕྲུལ་ རྣམ་པར་ འཕྲུལ་པ འི་ ཆོ་འཕྲུལ་ དང་ བྱིན་ གྱི་ རླབས་ འདི་ བསྟན་པ་ དང་ ། བདུད་ ཀྱི་ གསང་སྔགས་ ཀྱི་ སྟོབས་ དང་ ། རིག་སྔགས་ ཀྱི་ སྟོབས་ བསྟན་པ་ ན་ སྲོག་ཆགས་ ཉི་ཁྲི ས་ བླ་ ན་ མེད་པ་ ཡང་ དག་པ ར་ རྫོགས་པ འི་ བྱང་ཆུབ་ ཏུ་ སེམས་ བསྐྱེད་པ ར་ གྱུར་ ཏོ ། །,於是文殊師利現神通力，及魔波旬說呪之時，三萬二千天人發阿耨多羅三藐三菩提心。,3
དེ་ ནས་ འཇམ་དཔལ་ གཞོན་ནུ ར་ གྱུར་པ ས་ རྫུ་འཕྲུལ་ བསྡུས་ ནས་ ལྷ འི་ བུ་ དཔལ་ བཟངས་ ལ་ འདི་ སྐད་ ཅེས་ སྨྲས་ སོ ། །,時文殊師利還攝神力，令此眾會皆悉自見如本而住。爾時文殊師利告善德天子言：,2
ལྷ འི་ བུ་ ཁྱོད་ དགའ་ལྡན་ གྱི་ གནས་ སུ་ སོང་ ལ་ དགའ་ལྡན་ གྱི་ རིས་ ཀྱི་ ལྷ འི་ བུ་ རྣམས་ སྡུས་ ཤིག་ དང་ ཁོ་བོ་ ཡང་ དེ ར་ འོང་ ངོ་ ། །,「善男子！汝往兜率陀天遍告天[8]眾，我當來彼。」,4
དེ་ ནས་ ལྷ འི་ བུ་ དཔལ་ བཟངས་ ཀྱིས་ འཇམ་དཔལ་ གཞོན་ནུ ར་ གྱུར་པ འི་ ལྟ ར་ མཉན་ ཏེ ། བཅོམ་ ལྡན་ འདས་ དང་ འཇམ་དཔལ་ གཞོན་ནུ ར་ གྱུར་པ་ དང་ བྱང་ཆུབ་སེམས་ དཔ འི་ དགེ་འདུན་ ཐམས་ཅད་ དང་ ། ཉན་ ཐོས་ ཀྱི་ དགེ་འདུན་ ལ་ བསྐོར་བ་ བྱས་ ནས་ འཁོར་ དང་ བཅས་པ ར་ འཁོར་ དེ་ ནས་ མི་ སྣང་བ ར་ གྱུར་ ཏེ་ དགའ་ལྡན་ གྱི་ གནས་ སུ་ ཕྱིན་ ཏོ ། །,時善德天子聞是語已，禮世尊足并諸菩薩、大德聲聞，與其眷屬恭敬圍遶，於眾會前忽然不現，須臾已至兜率陀天。,3
དེ་ ནས་ ལྷ འི་ བུ་ དཔལ་ བཟངས་ ཀྱིས་ དགའ་ལྡན་ གྱི་ རིས་ ཀྱི་ ལྷ འི་ བུ་ རྣམས་ ལ་ སྨྲས་པ །,爾時善德遍告諸天子言：,4
གྲོགས་པོ་ དག་ ཤེས་པ ར་ གྱིས་ ཤིག,「汝等應知，,5
། འཇམ་དཔལ་གཞོན་ནུ ར་ གྱུར་པ འོ་ བུ་ ཅག་ ལ་ སྙིང་ བརྩེ་བ འི་ ཕྱི ར་ འདི ར་ འོང་ གིས་ དེ་ ལ་ དགའ་ལྡན་ གྱི་ རིས་ ཀྱི་ ལྷ་ ཁྱེད་ དགའ་བ་ དང་ ། རྩེ་བ་ ལ་ བག་ མེད་པ་ འོར་ ཏེ་ བག་ ཡོད་པ ར་ གྱིས་ ལ་ འཇམ་དཔལ་ གཞོན་ནུ ར་ གྱུར་པ་ ལ་ ཆོས་ ཉན་ དུ་ ཤེག་ ཤིག,文殊師利憐愍汝故欲來至此。汝等應當捨諸欲樂、遠離憍慢，恭敬尊重隨順聽法。」,2
། དེ་ ནས་ ལྷ འི་ བུ་ དཔལ་ བཟངས་ ཀྱིས་ རྣམ་པ་ འདི་ ལྟ་བུ འི་ འཁོར་ གྱི་ ཁྱམས་ བཀོད་པ་ དེ་ དག་ དང་ ། སེང་གེ འི་ ཁྲི་ རྣམས་ ཀྱང་ བྱས་ ནས་ ཐལ་མོ་ སྦྱར་ ཏེ ། འཇམ་དཔལ་གཞོན་ནུ ར་ གྱུར་པ་ ལ་ འདི་ སྐད་ ཅེས་ སྨྲས་ སོ ། །,爾時善德天子如所應辦莊嚴道場，即便合掌作如是言：,
འཇམ་དཔལ་ འཁོར་ གྱི་ ཁྱམས་ བཀོད་པ་ དང་ ། སེང་གེ འི་ ཁྲི་ བཀོད་པ་ བགྱིས་ ལགས་ ན་ ད་ དེ འི་ དུས་ ལ་ བབ་པ ར་ མཁྱེན་ ན་ གཤེགས་ སུ་ གསོལ །,「文殊師利！今正是時。」,2
དེ་ ནས་ འཇམ་དཔལ་ གཞོན་ནུ ར་ གྱུར་པ་ དང་ ། བྱང་ཆུབ་སེམས་དཔའ་ ཁྲི་ ཉིས་ སྟོང་ དང་ ། ཉན་ ཐོས་ ཀྱི་ མཆོག་ ལྔ་ བརྒྱ་ དང་ ། ལྷ་ དང་ ། ཀླུ་ དང་ ། གནོད་སྦྱིན་ དང་ ། དྲི་ཟ་ སྟོང་ ཕྲག་ དུ་ མ་ དག་ དང་ ལྷན་ ཅིག་ ཏུ་ ཡོངས་ སུ་ བསྐོར་ ཅིང་ མདུན་ དུ་ བདར་ ཏེ ། བཅོམ་ལྡན་འདས་ ཀྱི་ ཞབས་ ལ་ མགོ་བོ ས་ ཕྱག་ འཚལ་ ནས་ བཅོམ་ལྡན་འདས་ ལ་ ལན་ གསུམ་ བསྐོར་བ་ བྱས་ ཏེ །,於是文殊師利與一萬菩薩、五百聲聞，及天、龍、夜叉、乾闥婆等，前後圍遶，禮佛足已，,3
བཅོམ་ལྡན་འདས་ ཀྱི་ དྲུང་ ནས་ མི་ སྣང་བ ར་ གྱུར་ ནས ། སྐད་ ཅིག་ ཐང་ ཅིག་ ཡུད་ ཙམ་ དེ་ ལ་ དགའ་ལྡན་ གྱི་ གནས་ སུ་ ཕྱིན་ ཏོ ། །,於會中沒現兜率陀天，,2
བྱང་ཆུབ་སེམས་དཔའ་ རྣམས་ དང་ ། ཉན་ ཐོས་ ཆེན་པོ་ རྣམས་ དང་ ། ཐམས་ཅད་ དང་ ལྡན་པ འི་ འཁོར་ ཀྱང་ སྟན་ ཅི་ རིགས་པ་ ལ་ འཁོད་ དོ ། །,與諸菩薩聲聞大眾於彼道場隨敷而坐。,2
རྒྱལ་ཆེན་ བཞི འི་ རིས་ ཀྱི་ ལྷ་ རྣམས་ དང་ ། སུམ་ ཅུ་ རྩ་ གསུམ་ དང་ ། འཐབ་བྲལ་ དང་ ། འཕྲུལ་དགའ་ དང་ ། གཞན་འཕྲུལ་ དབང་ བྱེད་ དང་ ། བདུད་ ཀྱི་ རིས་ རྣམས་ དང་ ། གཟུགས་ ན་ སྤྱོད་པ འི་ ཚངས་རིས་ ཀྱི་ ལྷ་ ནས་ བཟུང་ སྟེ ། འོག་མིན་ གྱི་ བར་ གྱི་ ལྷ་ རྣམས་ ཀྱིས་ གཅིག་ ནས་ གཅིག་ ཏུ་ སྒྲ་ ཐོས་ པ །,時諸大眾悉聞四天王宮、三十三天、夜摩、兜率及以化樂、他化自在諸天子等，魔眾梵眾，乃至有頂，互相唱言：,3
འདི་ ལྟ ར་ འཇམ་དཔལ་ གཞོན་ནུ ར་ གྱུར་པ་ དགའ་ལྡན་ གྱི་ གནས་ སུ་ འབེལ་བ འི་ ཆོས་ ཀྱི་ གཏམ་ ཆེན་པོ་ སྨྲ་བ ར་ འགྱུར་ གྱིས་ བདག་ཅག་ ཀྱང་ ཆོས་ མཉན་པ འི་ ཕྱི ར་ ངེས་པ ར་ དེ ར་ འདོང་བ ར་ བྱའོ །,「文殊師利今在兜率陀天方欲說法。」,2
ཞེས་ སྒྲ་ ཐོས་ ནས་ སྐད་ ཅིག་ ཐང་ ཅིག་ ཡུད་ ཙམ་ དེ་ ལ་ འདོད་པ་ ན་ སྤྱོད་པ་ དང་ ། གཟུགས་ ན་ སྤྱོད་པ འི་ ལྷ འི་ བུ་ ཚད་ མེད་ གྲངས་ མེད་པ་ དག་ རང་ རང་ གི་ གནས་ ནས་ མི་ སྣང་བ ར་ གྱུར་ ཏེ ། དགའ་ལྡན་ གྱི་ གནས་ སུ་ ཕྱིན་ ཏོ ། །,諸天聞已，無數百千皆來集會，盡此欲界天宮所不容受。,2
དེ་ ནས་ འཇམ་དཔལ་ གཞོན་ནུ ར་ གྱུར་པ ས་ དེ་ ལྟ་བུ འི་ བྱིན་ གྱི་ རླབས་ ཀྱི་ བྱིན་ གྱིས་ བརླབས་པ ས་ དེ ས་ ལྷ འི་ འཁོར་ དེ་ ཙམ་ དུ་ ཚད་ མེད་པ་ དག་ རིན་པོ་ཆེ་ བཀོད་པ འི་ ཁྱམས་ ཀྱི་ འཁོར་ དེ་ ཉིད་ དུ་ གོ་སྐབས་ ཡངས་པ ར་ གནས་པ ར་ གྱུར་ ཏོ ། །,時文殊師利即以神力，令彼諸天自見寬廣不相妨礙。,2
དེ་ ནས་ ལྷ འི་ བུ་ དཔལ་ བཟངས་ ཀྱིས་ འཇམ་དཔལ་ གཞོན་ནུ ར་ གྱུར་པ་ ལ་ འདི་ སྐད་ ཅེས་ སྨྲས་ སོ ། །,爾時善德天子白文殊師利言：,5
འཇམ་དཔལ་ ལྷ འི་ འཁོར་ ཆེན་པོ་ འདི་ འདུས་ ལགས་ ན་ ཆོས་ ཀྱི་ བཀའ་མཆིད་ ལས་ བརྩམས་ ཏེ་ སྤོབས་པ ར་ མཛད་ དུ་ གསོལ །,「大眾已集，願為說法。」,2
དེ་ སྐད་ ཅེས་ སྨྲས་པ་ དང་ ། འཇམ་དཔལ་ གཞོན་ནུ ར་ གྱུར་པ ས་ ལྷ འི་ བུ་ དཔལ་ བཟངས་ དང་ ། ཐམས་ཅད་ དང་ ལྡན་པ འི་ འཁོར་ དེ་ ལ་ འདི་ སྐད་ ཅེས་ སྨྲས་ སོ ། །,文殊師利告善德天子言：,3
གྲོགས་པོ་ དག་ ཆོས་ བཞི་པོ་ འདི་ དག་ ནི་ བྱང་ཆུབ་སེམས་དཔའ་ རྣམས་ ཀྱི་ དགེ་བ འི་ ཆོས་ ཐམས་ཅད་ སྡུད་པ ར་ འགྱུར་བ་ དག་ གོ,「有四種法，菩薩住於不放逸者，則能攝取一切佛法。,3
། བཞི་ གང་ ཞེ་ ན ། འདི་ ལྟ་ སྟེ་ ཚུལ་ཁྲིམས་ ལ་ གནས་པ འི་ ཐོས་པ་ དང་ ། བསམ་གཏན་ ལ་ གནས་པ འི་ ཤེས་རབ་ དང་ ། མངོན་པ ར་ ཤེས་པ་ ལ་ གནས་པ འི་ ཡེ་ཤེས་ དང་ ། ཐབས་ ལ་ གནས་པ འི་ བག་ ཡོད་པ་ སྟེ ། །,何等為四？一者住於戒律而具多聞，二者住於禪定而行智慧，三者住於神通而起大智，四者住於寂靜而常觀察。,3
གྲོགས་པོ་ དག་ དེ་ ལ་ ཡོངས་ སུ་ དག་པ་ རྣམ་པ་ བརྒྱད་ ཀྱིས་ ཚུལ་ཁྲིམས་ ལ་ འཇུག་ སྟེ ། ཡོངས་ སུ་ དག་པ་ རྣམ་པ་ བརྒྱད་ ཀྱིས་ ཇི་ ལྟ ར་ འཇུག་ ཅེ་ན །,天子！有八種法入於戒律。何等為八？,3
འདི་ ལྟ་ སྟེ ། ལུ ས་ དག་པ འི་ རྣམ་པ ས་ འཇུག་པ་ དང་ ། ངག་ དག་པ འི་ རྣམ་པ ས་ འཇུག་པ་ དང་ ། སེམས་ དག་པ འི་ རྣམ་པ ས་ འཇུག་པ་ དང་ ། བསམ་པ་ དག་པ འི་ རྣམ་པ ས་ འཇུག་པ་ དང་ ། འཚོ་བ་ དག་པ འི་ རྣམ་པ ས་ འཇུག་པ་ དང་ ། སྦྱངས་པ འི་ ཡོན་ཏན་ དང་ ཡོ་བྱད་ བསྙུངས་པ་ དག་པ འི་ རྣམ་པ ས་ འཇུག་པ་ དང་ ། ཚུལ་ འཆོས་པ་ དང་ ། ཁ་གསག་ དང་ ། གཞོགས་ སློང་ དང་ ། ཐོབ་ ཀྱིས་ འཇལ་བ་ ཐམས་ཅད་ རྣམ་པ ར་ སྤོང་བ འི་ རྣམ་པ ས་ འཇུག་པ་ དང་ ། བྱང་ཆུབ་ ཀྱི་ སེམས་ མི་ བརྗེད་པ འི་ རྣམ་པ ས་ འཇུག་པ་ སྟེ ། །,一者身清淨，二者語清淨，三者意清淨，四者見清淨，五者頭陀功德清淨，六者命清淨，七者捨離一切詐現異相以利求利清淨，八者不捨一切智心清淨。是名八法入於戒律。,2
གྲོགས་པོ་ དག་ དེ་ ལ་ རྣམ་པ་ བརྒྱད་ ཀྱིས་ ཐོས་པ་ ཡོངས་ སུ་ དག་ སྟེ །,天子！復有八法入於多聞。,1
རྣམ་པ་ བརྒྱད་ གང་ ཞེ་ན ། འདི་ ལྟ་ སྟེ ། བླ་ མ་ ལ་ གུས་པ ས་ ཡོངས་ སུ་ དག་པ་ དང་ ། ང་ རྒྱལ་ བཅོམ་པ ས་ ཡོངས་ སུ་ དག་པ་ དང་ ། བརྩོན་འགྲུས་ དང་ ཏིང་ངེ་འཛིན་ ཐོབ་པ ས་ ཡོངས་ སུ་ དག་པ་ དང་ ། དྲན་པ་ མི་ གཡེང་བ ས་ ཡོངས་ སུ་ དག་པ་ དང་ ། བསྟན་པ་ དང་ རབ་ ཏུ་ བཤད་པ ས་ ཡོངས་ སུ་ དག་པ་ དང་ ། བདག་ ལ་ མི་ སྟོད་ ཅིང་ གཞན་ ལ་ མི་ སྨོད་པ ས་ ཡོངས་ སུ་ དག་པ་ དང་ ། ཚུལ་བཞིན་ དུ་ སོ་སོ ར་ རྟོག་པ ས་ ཡོངས་ སུ་ དག་པ་ དང་ ། ཇི་ ལྟ ར་ ཐོས་པ འི་ ཆོས་ སྒྲུབ་པ ས་ ཡོངས་ སུ་ དག་པ་ སྟེ །,何等為八？一者尊重，二者下心，三者發起精進，四者不失正念，五者隨聞受持，六者心善觀察，七者如聞轉教，八者不自讚毀他。,2
གྲོགས་པོ་ དག་ དེ་ ལྟ ར་ རྣམ་པ་ བརྒྱད་ ཀྱིས་ ཐོས་པ་ ཡོངས་ སུ་ དག་ གོ,是名八法入於多聞。,2
། གྲོགས་པོ་ དག་ དེ་ ལ་ རྣམ་པ་ བརྒྱད་ ཀྱིས་ བསམ་གཏན་ ཡོངས་ སུ་ དག་པ་ སྟེ །,天子！復有八法入於禪定。,3
རྣམ་པ་ བརྒྱད་ གང་ ཞེ་ན ། འདི་ ལྟ་ སྟེ ། དགོན་པ་ ལ་ གནས་ ཤིང་ དབེན་པ་ ལ་ དགའ་བ ས་ ཡོངས་ སུ་ དག་པ་ དང་ ། འདུ་འཛི་ སྤོང་བ ས་ ཡོངས་ སུ་ དག་པ་ དང་ ། ཡུལ་ དང་ མི་ འདྲེ་བ ས་ ཡོངས་ སུ་ དག་པ་ དང་ ། ལུས་ དང་ སེམས་ལས་ སུ་ རུང་བ ས་ ཡོངས་ སུ་ དག་པ་ དང་ ། ཁ་ ཟས་ བསྙུངས་ ཏེ་ ལུས་ འཚོ་བ ས་ ཡོངས་ སུ་ དག་པ་ དང་ ། དམིགས་པ་ ལ་ འཇོག་པ ས་ ཡོངས་ སུ་ དག་པ་ དང་ ། སྒྲ་ དང་ མཚན་མ་ ཐམས་ཅད་ རྣམ་པ ར་ འཇིག་པ ས་ ཡོངས་ སུ་ དག་པ་ དང་ ། འཕགས་པ འི་ བདེན་པ་ དང་ ཟང་ཟིང་ མེད་པ ར་ སོ་སོ ར་ ཡང་དག་པ ར་ བགེང་པ ས་ ཡོངས་ སུ་ དག་པ་ སྟེ །,何等為八？一者寂靜住阿蘭若，二者捨離憒閙，三者不染境界，四者身心輕安，五者心緣定境，六者絕諸聲相，七者減食支身，八者不取聖樂。,2
གྲོགས་པོ་ དག་ དེ་ ལྟ ར་ རྣམ་པ་ བརྒྱད་ ཀྱིས་ བསམ་གཏན་ ཡོངས་ སུ་ དག་ གོ,是名八法入於禪定。,3
། གྲོགས་པོ་ དག་ དེ་ ལ་ རྣམ་པ་ བརྒྱད་ ཀྱིས་ ཤེས་རབ་ ཡོངས་ སུ་ དག་ སྟེ །,天子！復有八法入於智慧。,3
རྣམ་པ་ བརྒྱད་ གང་ ཞེ་ན ། འདི་ ལྟ་ སྟེ ། ཕུང་པོ་ ལ་ མཁས་པ འི་ རྣམ་པ ས་ ཡོངས་ སུ་ དག་པ་ དང་ ། ཁམས་ ལ་ མཁས་པ འི་ རྣམ་པ ས་ ཡོངས་ སུ་ དག་པ་ དང་ ། སྐྱེ་མཆེད་ ལ་ མཁས་པ འི་ རྣམ་པ ས་ ཡོངས་ སུ་ དག་པ་ དང་ ། རྟེན་ ཅིང་ འབྲེལ་བ ར་ འབྱུང་བ་ ལ་ མཁས་པ འི་ རྣམ་པ ས་ ཡོངས་ སུ་ དག་པ་ དང་ ། བདེན་པ་ ལ་ མཁས་པ འི་ རྣམ་པ ས་ ཡོངས་ སུ་ དག་པ་ དང་ ། དབང་པོ་ ལ་ མཁས་པ འི་ རྣམ་པ ས་ ཡོངས་ སུ་ དག་པ་ དང་ ། རྣམ་པ ར་ ཐར་པ འི་ སྒོ་ གསུམ་ ལ་ མཁས་པ འི་ རྣམ་པ ས་ ཡོངས་ སུ་ དག་པ་ དང་ ། བག་ ལ་ ཉལ་ དང་ ། ཀུན་ ནས་ དཀྲིས་པ་ དང་ ། ལྟ་བ་ ཐམས་ཅད་ ཡང་དག་པ ར་ འཇོམས་པ་ ལ་ མཁས་པ འི་ རྣམ་པ ས་ ཡོངས་ སུ་ དག་པ་ སྟེ །,何等為八？一者蘊善巧，二者界善巧，三者處善巧，四者緣起善巧，五者諦善巧，六者三世善巧，七者一切乘善巧，八者一切佛法善巧。,2
གྲོགས་པོ་ དག་ དེ་ ལྟ ར་ རྣམ་པ་ བརྒྱད་ ཀྱིས་ ཤེས་རབ་ ཡོངས་ སུ་ དག་ གོ,是名八法入於智慧。,3
། གྲོགས་པོ་ དག་ དེ་ ལ་ རྣམ་པ་ བརྒྱད་ ཀྱིས་ མངོན་པ ར་ ཤེས་པ་ ཡོངས་ སུ་ དག་ སྟེ །,天子！復有八法入於神通。,3
རྣམ་པ་ བརྒྱད་ གང་ ཞེ་ན ། འདི་ ལྟ་ སྟེ ། སྒྲིབ་པ་ མེད་པ ར་ གཟུགས་ ཐམས་ཅད་ མཐོང་བ ས་ ལྷ འི་ མིག་ ཡོངས་ སུ་ དག་པ་ དང་ ། སྒྲིབ་པ་ མེད་པ ར་ སྒྲ་ ཐམས་ཅད་ ཐོས་པ ས་ ལྷ འི་ རྣ་བ་ ཡོངས་ སུ་ དག་པ་ དང་ ། སེམས་ཅན་ ཐམས་ཅད་ ཀྱི་ སེམས་ ཀྱི་ སྤྱོད་པ་ ལ་ རྣམ་པ ར་ ལྟ་བ ས་ ཕ་རོལ་ གྱི་ སེམས་ཤེས་པ་ ཡོངས་ སུ་ དག་པ་ དང་ ། སྒྲིབ་པ་ མེད་ ཅིང་ ཆགས་པ་ མེད་པ ར་ སྔོན་ གྱི་ མཐའ་ རྗེས་ སུ་ དྲན་པ ས་ སྔོན་ གྱི་ གནས་ རྗེས་ སུ་ དྲན་པ འི་ ཤེས་པ་ ཡོངས་ སུ་ དག་པ་ དང་ ། སངས་ རྒྱས་ ཀྱི་ ཞིང་ མཐའ་ཡས་པ ར་ འགྲོ་བ ས་ རྫུ་འཕྲུལ་ གྱི་ བྱ་བ་ ཡོངས་ སུ་ དག་པ་ དང་ ། ཟག་པ་ ཐམས་ཅད་ ཟད་པ་ ཤེས་པ ས་ བསལ་ ཅིང་ དུས་ མ་ ཡིན་པ་ ཡོངས་ སུ་ སྤངས་པ ས་ ཟག་པ་ ཟད་པ་ ཡོངས་ སུ་ དག་པ་ དང་ ། གཡོ་བ་ དང་ ། རློམ་སེམས་ ཐམས་ཅད་ དང་ བྲལ་བ ས་ དགེ་བ འི་ རྩ་བ་ མངོན་པ ར་ ཤེས་པ་ ཡོངས་ སུ་ དག་པ་ དང་ ། ཇི་ ལྟ ར་ སྔོན་ དམ་བཅས་པ་ ཉམས་ འོག་ ཏུ་ ཆུད་པ ར་ བྱེད་པ ས་ ཤེས་པ་ བསྟན་པ་ ཡོངས་ སུ་ དག་པ་ སྟེ །,何等為八？一者天眼通，見無障礙故；二者天耳通，聞無障礙故；三者他心通，觀一切眾生心故；四者宿命通，憶念前際故；五者神足通，示現一切神變故；六者漏盡通，盡一切眾生漏故；七者不住煩惱不取解脫，方便力故；八者不依聲聞解脫而入涅槃。,2
གྲོགས་པོ་ དག་ དེ་ ལྟ ར་ རྣམ་པ་ བརྒྱད་ ཀྱིས་ མངོན་པ ར་ ཤེས་པ་ ཡོངས་ སུ་ དག་ གོ,是名八法入於神通。,3
། གྲོགས་པོ་ དག་ དེ་ ལ་ རྣམ་པ་ བརྒྱད་ ཀྱིས་ ཡེ་ཤེས་ ཡོངས་ སུ་ དག་ སྟེ །,復有八法能入於智。,3
རྣམ་པ་ བརྒྱད་ གང་ ཞེ་ན ། འདི་ ལྟ་ སྟེ ། ཕུང་པོ་ ལྔ་ ཡོངས་ སུ་ ཤེས་པ ས་ སྡུག་བསྔལ་ ཤེས་པ་ ཡོངས་ སུ་ དག་པ་ དང་ ། སྲེད་པ་ ཤིན་ ཏུ་ སྤོང་བ ས་ ཀུན་ འབྱུང་བ་ ཤེས་པ་ ཡོངས་ སུ་ དག་པ་ དང་ ། བརྟེན་ ནས་ སྐྱེས་པ་ ལ་ སྐྱེ་བ་ མེད་པ ར་ སོ་སོ ར་ རྟོག་པ ས་ འགོག་པ་ ཤེས་པ་ ཡོངས་ སུ་ དག་པ་ དང་ ། འདུས་བྱས་ དང་ ། འདུས་ མ་ བྱས་ མཉམ་པ་ཉིད་ དུ་ འཇུག་པ ས་ ལམ་ ཤེས་པ་ ཡོངས་ སུ་ དག་པ་ དང་ ། ལས་ དང་ བྱ་བ་ དང་ མི་ འགལ་བ ས་ རྒྱུ་ ཤེས་པ་ ཡོངས་ སུ་ དག་པ་ དང་ ། བདག་ མེད་པ་ དང་ ། སེམས་ཅན་ མེད་པ་ དང་ ། སྲོག་ མེད་པ་ དང་ ། གསོ་བ་ མེད་པ ས་ རྐྱེན་ ཤེས་པ་ ཡོངས་ སུ་ དག་པ་ དང་ ། འཁོར་ གསུམ་ ཡོངས་ སུ་ གཅོད་པ ས་ དུས་ གསུམ་ ཤེས་པ་ ཡོངས་ སུ་ དག་པ་ དང་ ། ཤེས་ རབ་ ཀྱི་ ཕ་རོལ་ ཏུ་ ཕྱིན་པ་ ཡེ་ཤེས་ ཐམས་ཅད་ ལ་ འཇུག་པ ས་ ཐམས་ཅད་ མཁྱེན་པ འི་ ཡེ་ཤེས་ ཡོངས་ སུ་ དག་པ་ སྟེ །,何等為八？一者苦智，二者集智，三者滅智，四者道智，五者因智，六者緣智，七者三世智，八者一切智。,2
གྲོགས་པོ་ དག་ དེ་ ལྟ ར་ རྣམ་པ་ བརྒྱད་ ཀྱིས་ ཡེ་ཤེས་ ཡོངས་ སུ་ དག་ གོ,是名八種。,1
། གྲོགས་པོ་ དག་ དེ་ ལ་ རྣམ་པ་ བརྒྱད་ ཀྱིས་ ངེས་པ ར་ སེམས་པ་ ཡོངས་ སུ་ དག་ སྟེ །,復有八法入於寂靜。,1
རྣམ་པ་ བརྒྱད་ གང་ ཞེ་ན ། འདི་ ལྟ་ སྟེ ། ནང་ ཉེ་བ ར་ ཞི་ བ ས་ ཡོངས་ སུ་ དག་པ་ དང་ ། ཕྱི་ རོལ་ དུ་ མི་ རྒྱུ་ བ ས་ ཡོངས་ སུ་ དག་པ་ དང་ ། ཁམས་ གསུམ་ ལ་ མི་ གནས་པ ས་ ཡོངས་ སུ་ དག་པ་ དང་ ། རྟེན་ ཅིང་ འབྲེལ་ པར་ འབྱུང་བ་ དང་ འཐུན་པ ས་ ཡོངས་ སུ་ དག་པ་ དང་ ། སྐྱེ་བ་ མེད་པ་ དང་ འབྱུང་བ་ མེད་པ ས་ ཡོངས་ སུ་ དག་པ་ དང་ ། མངོན་པ ར་ འདུ་བྱེད་པ་ མེད་པ ར་ སོ་སོ ར་ རྟོག་པ ས་ ཡོངས་ སུ་ དག་པ་ དང་ ། ཆོ ས་ ཐམས་ཅད་ བདག་ མེད་པ ར་ སོ་སོ ར་ རྟོག་པ ས་ ཡོངས་ སུ་ དག་པ་ དང་ ། ཉོན་མོངས་པ་ ཐམས་ཅད་ ཀྱིས་ ཤིན་ ཏུ་ མི་ འཁྲུགས་པ ས་ ཡོངས་ སུ་ དག་པ་ སྟེ །,何等為八？一者內寂靜，二者外寂靜，三者愛寂靜，四者取寂靜，五者有寂靜，六者生寂靜，七者一切煩惱寂靜，八者三界寂靜。,1
གྲོགས་པོ་ དག་ འདི་ ནི་ རྣམ་པ་ བརྒྱད་ ཀྱིས་ ངེས་པ ར་ སེམས་པ་ ཡོངས་ སུ་ དག་ པའོ ། །,是名八法。,1
གྲོགས་པོ་ དག་ དེ་ ལ་ རྣམ་པ་ བརྒྱད་ ཀྱིས་ བག་ ཡོད་པ་ ཡོངས་ སུ་ དག་ སྟེ །,復有八法入於觀察。,1
རྣམ་པ་ བརྒྱད་ གང་ ཞེ་ན ། འདི་ ལྟ་ སྟེ ། ཚུལ་ ཁྲིམས་ མཆོག་ ཏུ་ འཛིན་པ་ མེད་པ ས་ ཡོངས་ སུ་ དག་པ་ དང་ ། ཐོས་པ་ ཡོངས་ སུ་ བྱང་བ ས་ ཡོངས་ སུ་ དག་པ་ དང་ ། བསམ་གཏན་ དེ་ ལ་ མ་ ཆགས་པ ས་ ཡོངས་ སུ་ དག་པ་ དང་ ། ཤེས་ རབ་ དང་ གསུང་རབ་ ཀྱིས་ ཡོངས་ སུ་ དག་པ་ དང་ ། མངོན་པ ར་ ཤེས་པ་ ལས་ མ་ ཉམས་པ ས་ ཡོངས་ སུ་ དག་པ་ དང་ ། ཡེ་ ཤེས་ ཀྱིས་ རློམ་སེམས་ མེད་པ ས་ ཡོངས་ སུ་ དག་པ་ དང་ ། ངེས་པ ར་ སེམས་པ ས་ རྩོད་པ་ མེད་པ ས་ ཡོངས་ སུ་ དག་པ་ དང་ ། དགེ་བ འི་ ཆོས་ ཆུད་ མི་ ཟ་བ ས་ ཡོངས་ སུ་ དག་པ་ སྟེ །,何等為八？一者戒，二者聞，三者禪定，四者智慧，五者神通，六者智，七者寂滅，八者不放逸。,1
གྲོགས་པོ་ དག་ རྣམ་པ་ བརྒྱད་པོ་ དེ་ དག་ གིས་ བག་ ཡོད་པ་ ཡོངས་ སུ་ དག་ གོ,天子！是名八法，,1
། གྲོགས་པོ་ དག་ དེ་ ལྟ་བ ས་ ན་ ཁྱེད་ བག་ ཡོད་པ ར་ གྱིས་ ཤིག,是故天子！應當依是不放逸住。,2
། བག་ ཡོད་པ་ ལ་ རྟོན་པ འི་ བྱང་ཆུབ་སེམས་དཔའ་ རྣམས་ ནི་ བདེ་བ་ གསུམ་ ལས་ ཡོངས་ སུ་ ཉམས་པ ར་ མི་ འགྱུར་ རོ ། །,「汝等天子依不放逸，則三種樂常不損減。,3
གསུམ་ གང་ ཞེ་ན ། འདི་ ལྟ་ སྟེ ། ལྷ འི་ བདེ་བ་ དང་ ། བསམ་གཏན་ གྱི་ བདེ་བ་ དང་ ། མྱ་ངན་ ལས་ འདས་པ འི་ བདེ་བ འོ །,何等為三？一者天樂，二者禪樂，三[9]者涅槃樂。,4
སྡུག་བསྔལ་ གསུམ་ གྱིས་ འཕྲོགས་པ ར་ མི་ འགྱུར་ ཏེ །,復次諸天子！依不放逸住者得離三苦。,4
གསུམ་ གང་ ཞེ་ན ། སྐྱེ་བ འི་ སྡུག་བསྔལ་ དང་ ། རྒ་བ འི་ སྡུག་བསྔལ་ དང་ ། འཆི་བ འི་ སྡུག་བསྔལ་ ཏེ་ གསུམ་པོ་ དེ་ དག་ གོ,何等為三？所謂行苦、苦苦、壞苦。,2
། འཇིགས་པ་ གསུམ་ ལས་ ཡང་དག་པ ར་ འདའ་བ ར་ འགྱུར་ ཏེ །,又不放逸者超三種畏。,3
གསུམ་ གང་ ཞེ་ན ། འཚོ་བ་ མེད་པ འི་ འཇིགས་པ་ དང་ ། ཚིགས་ སུ་ བཅད་པ་ མེད་པ འི་ འཇིགས་པ་ དང་ ། འཁོར་ ལ་ བག་ཚ་ བ འི་ འཇིགས་པ་ སྟེ་ གསུམ་པོ་ དེ་ དག་ གོ,何等為三？所謂地獄、餓鬼、畜生。,1
། སྲིད་པ་ གསུམ་ ལས་ ཡང་དག་པ ར་ འདའ་བ ར་ འགྱུར་ ཏེ ། འདོད་པ འི་ སྲིད་པ་ དང་ ། གཟུགས་ ཀྱི་ སྲིད་པ་ དང་ ། གཟུགས་ མེད་པ འི་ སྲིད་པ འོ །,又不放逸者得超三有。何等為三？所謂欲有、色有、無色有。,3
དྲི་མ་ གསུམ་ སྦྱོང་ སྟེ ། འདོད་ ཆགས་ ཀྱི་ དྲི་མ་ དང་ ། ཞེ་ སྡང་ གི་ དྲི་མ་ དང་ ། གཏི་ མུག་ གི་ དྲི་ མའོ ། །,復次諸天子！依不放逸住者得離三垢。何等為三？所謂貪垢、瞋垢、癡垢。,3
བསླབ་པ་ གསུམ་ ཡོངས་ སུ་ རྫོགས་པ ར་ བྱེད་ དེ ། ལྷག་པ འི་ ཚུལ་ཁྲིམས་ དང་ ། ལྷག་པ འི་ སེམས་ དང་ ། ལྷག་པ འི་ ཤེས་རབ་བོ ། །,又不放逸於三學處當得圓滿。何等為三？所謂增上戒、增上心、增上慧。,3
རིགས་ གསུམ་ རྒྱུན་ མི་ གཅོད་ དེ ། སངས་ རྒྱས་ ཀྱི་ རིགས་ དང་ ། ཆོས་ ཀྱི་ རིགས་ དང་ ། དགེ་འདུན་ གྱི་ རིགས་ སོ ། །,不放逸者常得親近供養三寶。何等為三？所謂佛寶、法寶、僧寶。,1
ཕ་རོལ་ ཏུ་ ཕྱིན་པ་ རྣམས་ ཀྱི་ མི་ འཐུན་པ འི་ ཕྱོགས་ གསུམ་ གསུམ་ རབ་ ཏུ་ སྤོང་ སྟེ ། སེར་སྣ འི་ དྲི་མ་ དང་ ། སེར་སྣ འི་ ཀུན་ ཏུ་ སྦྱོར་བ་ དང་ གཏོང་བ་ དང་ ལྡན་པ་ རྣམས་ ལ་ སྡང་བ་ དང་ ། འཆལ་བ འི་ ཚུལ་ཁྲིམས་ དང་ ། ཚུལ་ ཁྲིམས་ ལས་ ཟློག་པ་ དང་ ། ཚུལ་ ཁྲིམས་ དང་ ལྡན་པ་ རྣམས་ ལ་ སྡང་བ་ དང་ ། གནོད་སེམས་ དང་ ། བཟོད་པ་ ལས་ ཟློག་པ་ དང་ ། བཟོད་པ་ དང་ ལྡན་པ་ རྣམས་ ལ་ སྡང་བ་ དང་ ། ལེ་ལོ་ དང་ ། བརྩོན་འགྲུས་ ལས་ ཟློག་པ་ དང་ ། བརྩོན་འགྲུས་ དང་ ལྡན་པ་ རྣམས་ ལ་ སྡང་བ་ དང་ ། རྣམ་པ ར་ གཡེང་བ་ དང་ ། བསམ་གཏན་ ལས་ ཟློག་པ་ དང་ ། བསམ་གཏན་ དང་ ལྡན་པ་ རྣམས་ ལ་ སྡང་བ་ དང་ ། འཆལ་བ འི་ ཤེས་རབ་ དང་ ། ཤེས་ རབ་ ལས་ ཟློག་པ་ དང་ ། ཤེས་ རབ་ དང་ ལྡན་པ་ རྣམས་ ལ་ སྡང་ བའོ ། །,復次依不放逸住者，得離三種波羅蜜障。何等為三？一者自慳。二者於行施人心生憎嫉。三者隨順慳人。自破戒，憎嫉持戒者、隨順破戒人；自瞋，憎嫉忍辱者、隨順瞋恚人；自懈怠，憎嫉精進者、隨順懈怠人；自散亂，憎嫉禪定者、隨順散亂人；自無智慧，憎嫉智慧者、隨順無智人。,3
ཕ་རོལ་ ཏུ་ ཕྱིན་པ་ རྣམས་ ཀྱི་ རྟོན་པ་ གསུམ་ གསུམ་ གྱིས་ ཉེ་བ ར་ རྟོན་ ཏེ །,「復次諸天子！依不放逸住者，當得三種波羅蜜伴助。,2
གསུམ་ གསུམ་ གང་ ཞེ་ན ། འདི་ ལྟ་ སྟེ ། བདོག་པ་ ཐམས་ཅད་ ཡོངས་ སུ་ གཏོང་བ་ དང་ ། རྣམ་པ ར་ སྨིན་པ་ ལ་ མི་ རེ་བ་ དང་ ། བྱང་ཆུབ་ ཏུ་ ཡོངས་ སུ་ སྔོ་བ་ དང་ ། ཚུལ་ ཁྲིམས་ ཡང་དག་པ ར་ ལེན་པ་ དང་ ། ཚུལ་ ཁྲིམས་ མཆོག་ ཏུ་ འཛིན་པ་ མེད་པ་ དང་ ། བྱང་ཆུབ་ ཏུ་ ཡོངས་ སུ་ སྔོ་བ་ དང་ ། བཟོད་ ཅིང་ དེས་པ་ དང་ ། བདག་ དང་ གཞན་ རྗེས་ སུ་ སྲུང་བ་ དང་ ། བྱང་ཆུབ་ ཏུ་ ཡོངས་ སུ་ སྔོ་བ་ དང་ ། བརྩོན་འགྲུས་ གཅེས་པ་ མི་ འདོར་བ་ དང་ ། བླང་བ་ མེད་ ཅིང་ དོར་བ་ མེད་པ་ དང་ ། བྱང་ཆུབ་ ཏུ་ ཡོངས་ སུ་ སྔོ་བ་ དང་ ། བསམ་གཏན་ ཉེ་བ ར་ ལེན་པ་ དང་ ། མི་གནས་པ ར་ བསམ་གཏན་ བྱེད་པ་ དང་ ། བྱང་ཆུབ་ ཏུ་ ཡོངས་ སུ་ སྔོ་བ་ དང་ ། ཤེས་ རབ་ ཀྱིས་ སྣང་བ་ དང་ ། སྤྲོས་པ་ མེད་པ་ དང་ ། བྱང་ཆུབ་ ཏུ་ ཡོངས་ སུ་ སྔོ་བ་ སྟེ །,何等為三？所謂施增長，不求果報，迴向菩提；戒增長，不求生天，迴向菩提；忍辱增長，於一切眾生不生害心，迴向菩提；精進增長，種種善根無有厭足，迴向菩提；禪定增長，心不散亂，迴向菩提；智慧增長，常修善業，迴向菩提。,3
གྲོགས་པོ་ དག་ བག་ ཡོད་པ འི་ བྱང་ཆུབ་སེམས་དཔའ་ རྣམས་ ནི་ ཕ་རོལ་ ཏུ་ ཕྱིན་པ་ རྣམས་ ཀྱི་ རྟོན་པ་ འདི་ གསུམ་ གསུམ་ གྱིས་ ཉེ་བ ར་ རྟོན་ ཏོ ། །,是名依不放逸住得此波羅蜜三伴助。,2
གྲོགས་པོ་ དག་ བག་ ཡོད་པ འི་ བྱང་ཆུབ་སེམས་དཔའ་ ནི་ ཚེགས་ ཆུང་ངུ ས་ དྲན་པ་ ཉེ་བ ར་ གཞག་པ་ བཞི་ བསྒོམ་པ་ ཡོངས་ སུ་ རྫོགས་པ ར་ འགྱུར་ ཏེ །,復次一切法如虛空，是四正勤應當觀察。,2
ཡང་ དག་པ འི་ སྤོང་བ་ བཞི་ བསྒོམ་པ་ གང་ ཞེ་ན ། གང་ ཆོས་ ཐམས་ཅད་ ནམ་མཁའ་ དང་ མཚུངས་པ་ དང་ ། གཟོད་ མ་ ཉིད་ ནས་ མ་ སྐྱེས་པ་ དང་ ། མ་ བྱུང་བ་ དང་ ། མ་ འཐོན་པ་ དང་ ། མངོན་པ ར་ མ་ གྲུབ་པ ར་ ཡང་ སོ་སོ ར་ རྟོག་ ཅིང་ སྡིག་པ་ མི་ དགེ་བ འི་ ཆོས་ མ་ སྐྱེས་པ་ རྣམས་ མི་ སྐྱེ་བ ར་ བྱ་བ འི་ ཕྱི ར་ འདུན་པ་ སྐྱེད་ ཅིང་ འབད་ ལ་ བརྩོན་འགྲུས་ རྩོམ་ ཞིང་ སེམས་ རབ་ ཏུ་ འཛིན་ ཏེ ། ཡང་ དག་པ ར་ རབ་ ཏུ་ འཇོག་པ་ དང་ །,何等為四？所謂諸法無作未生，不善法為不生故發起精進；,2
ཆོས་ ཐམས་ཅད་ ལ་ ལས་ ཀྱི་ རྣམ་པ ར་ སྨིན་པ་ མེད་པ ར་ ཡང་ སོ་སོ ར་ རྟོག་ ཅིང་ ། སེམ ས་ ཅན་ གཞན་ དག་ དང་ ། གང་ཟག་ གཞན་ རྣམས་ ཀྱི་ མི་ དགེ་བ འི་ ཆོས་ ཐམས་ཅད་ སྤང་བ འི་ ཕྱི ར་ འདུན་པ་ སྐྱེད་ ཅིང་ འབད་ ལ་ བརྩོན་འགྲུས་ རྩོམ་ ཞིང་ སེམས་ རབ་ ཏུ་ འཛིན་ ཏེ་ ཡང་དག་པ ར་ རབ་ ཏུ་ འཇོག་པ་ དང་ །,法性清淨，已生不善法為除滅故發起精進；,2
ཆོས་ ཐམས་ཅད་ ལ་ སྟོང་པ་ཉིད་ དུ་ ཡང་ མོས་ ལ་ དགེ་བ འི་ ཆོས་ མ་ སྐྱེས་པ་ རྣམས་ བསྐྱེད་པ འི་ ཕྱི ར་ འདུན་པ་ སྐྱེད་ ཅིང་ འབད་ ལ་ བརྩོན་འགྲུས་ རྩོམ་ ཞིང་ སེམས་ རབ་ ཏུ་ འཛིན་ ཏེ་ ཡང་དག་པ ར་ རབ་ ཏུ་ འཇོག་པ་ དང་ །,諸法寂靜，未生善法令得生故發起精進；,2
ཆོས་ ཐམས་ཅད་ ལ་ རྩོམ་པ་ མེད་ ཅིང་ རྟུལ་བ་ མེད་པ ར་ ཡང་ མཐོང་ སྟེ ། ཡང་ མཉམ་པ་ཉིད་ གང་ ཡིན་པ་ དེ་ ལ་ ཆོས་ གང་ གི་ སྐྱེ་བ་ ཡང་ མེད ། འགོག་པ་ ཡང་ མེད་པ་ འདི་ ནི་ ཡང་ དག་པ འི་ སྤོང་བ་ བསྒོམ་པ འོ ། །,一切法無處無行，已生善法住不失故發起精進。,2
རྫུ་འཕྲུལ་ གྱི་ རྐང་པ་ བཞི་ བསྒོམ་པ་ ཡོངས་ སུ་ རྫོགས་པ ར་ འགྱུར་ ཏེ །,復次應觀四如意足：,3
གང་ ལུས་ དང་ སེམས་ལས་ སུ་ རུང་བ་ སྟེ ། དེ་ སེམས་ལས་ སུ་ རུང་བ ས་ དགེ་བ འི་ ཆོས་ ལ་ འདུན་པ་ ཡང་ མི་ འདོར་ ལ་ འདོད་པ འི་ འདོད་ཆགས་ སྤང་བ འི་ ཕྱི ར་ ཡང་ མངོན་པར་ བརྩོན་པ་ དང་ །,一者身心不懈樂修善法故，,3
སེམས་ཅན་ ཐམས་ཅད་ ཡོངས་ སུ་ སྨིན་པ ར་ བྱ་བ འི་ ཕྱི ར་ བརྩོན་འགྲུས་ ཀྱང་ རྩོམ་ ལ ། བརྟགས་ ནས་ ཀྱང་ ཆོས་ ཐམས་ཅད་ མི་ དམིགས་པ་ དང་ །,二者為成就一切眾生發起精進斷貪欲故，,1
སངས་རྒྱས་ ཀྱི་ ཆོས་ ཐམས་ཅད་ མངོན་པ ར་ རྫོགས་པ ར་ བྱང་ཆུབ་པ ར་ བྱ་བ འི་ ཕྱི ར་ བྱང་ཆུབ་ ཀྱི་ སེམས་ ཀྱང་ མི་ འདོར་ ལ་ སེམས་ སྒྱུ་མ་ ལྟ་བུ ར་ ཡང་ རབ་ ཏུ་ ཤེས་པ་ དང་ །,三者一切法不可得而證諸佛法故，,1
ཇི་ ལྟ ར་ ཐོས་པ འི་ ཆོས་ ལ་ ཚུལ་ བཞིན་ དུ་ ཡང་ དཔྱོད་ ལ་ ཆོས་ རྣམས་ ལ་ གནས་པ ར་ ཡང་ མི་ བྱེད་ ཅིང་ མངོན་པ ར་ ཞེན་པ་ ཡང་ མེད་ པའོ ། །,四者心如幻化法無所依超過一切取著故。,1
དེ་ དབང་པོ་ ལྔ་ བསྒོམ་པ་ ཡོངས་ སུ་ རྫོགས་པ ར་ འགྱུར་ ཏེ ། །,復次應觀五根：,3
དེ་ སྟོབས་ ལྔ་ བསྒོམ་པ་ ཡོངས་ སུ་ རྫོགས་པ ར་ འགྱུར་ ཏེ །,何謂諸力？,3
དད་པ འི་ སྟོབས་ དང་ ལྡན་པ ས་ ཕས་ ཀྱི་ རྒོལ་བ་ ཐམས་ཅད་ ཀྱིས་ མི་ རྫི་བ་ དང་ །,所謂安住如是諸法性中，一切煩惱無能沮壞，是名為力。,1
བརྩོན་འགྲུས་ ཀྱི་ སྟོབས་ ཀྱིས་ བདུད་ ཐམས་ཅད་ ཀྱིས་ ཐུབ་པ ར་ དཀའ་བ་ དང་ །,住是力故便得勝法。,1
དྲན་པ འི་ སྟོབས་ ཀྱིས་ ཉན་ཐོས་ དང་ ། རང་ སངས་རྒྱས་ ཀྱིས་ ཐམས་ཅད་ དུ་ མི་ འཕྲོགས་པ་ དང་ །,如實了知非異非如，說名覺分。,1
ཏིང་ངེ་འཛིན་ གྱི་ སྟོབས་ ཀྱིས་ སྒྲིབ་པ་ རྣམས་ ཀྱིས་ མི་ ནོན་པ་ དང་ །,若於諸法隨順覺了，由是道故次第修行。,1
ཤེས་རབ་ ཀྱི་ སྟོབས་ དང་ ལྡན་པ ས་ ལྟ་བ ར་ གྱུར་པ་ རྣམས་ ཀྱིས་ མངོན་པ ར་ ཞེན་པ་ མེད་པ་ སྟེ །,通達祕密於法不動，說名聖道。,1
དེ་ བྱང་ཆུབ་ ཀྱི་ ཡན་ལག་ བདུན་ བསྒོམ་པ་ ཡོངས་ སུ་ རྫོགས་པ ར་ འགྱུར་ ཏེ ། །,是故諸天子！應如是修三十七品菩提分法，,1
ཞུགས་ ནས་ འདུ་བྱེད་ ཐམས་ཅད་ ཀྱི་ འདམ་ ལས་ རྒལ་ ལོ ། ། རྒལ་ ནས་ ཀྱང་ རྣམ་པ ར་ ལྟ་ སྟེ ། རྣམ་པ ར་ བལྟས་ ན་ མི་ མཐོང་ ངོ་ ། ། མི་ འབར་ རོ ། ། ཤིན་ ཏུ་ ཉེ་བ ར་ ཞི་ སྟེ་ རྣམ་པ ར་ འཁྲུལ་བ ར་ མི་ བྱེད་ དོ ། །,出過諸行無復障礙，智慧熾然究竟寂靜。,2
ཤིན་ ཏུ་ ཉེ་བ ར་ ཞི་བ་ གང་ ཞེ་ན ། གང་ ཉེ་བ ར་ མ་ བསྒྲུབས་པ་ དེ་ མ་ བྱས་པ འོ ༎ གང་ མ་ བྱས་པ་ དེ་ མྱོང་བ་ མེད་ པའོ ། །,云何名為究竟寂靜？謂諸法無起亦無所盡，無所盡故則無所作，,2
གང་ མྱོང་བ་ མེད་པ་ དེ་ ལ་ གདགས་པ་ མེད་ དོ ། ། གདགས་པ་ མེད་པ་ ནི་ ཤིན་ ཏུ་ ཉེ་བ ར་ ཞི་བ འོ ། །,無所作故亦非無作無受、無受者無施設是名究竟寂靜。」,1
བསྟན་པ་ འདི་ བཤད་པ་ ན་ ལྷ འི་ བུ་ ཁྲི་ ཉིས་ སྟོང་ ཆོས་ རྣམས་ ལ་ ཆོས་ ཀྱི་ མིག་ རྡུལ་ མ་ དང་ བྲལ་བ་ རྣམ་པ ར་ དག་ གོ,說此法時，一萬二千天子於諸法中得法眼淨。,4
། ལྷ འི་ བུ་ དཔལ་ བཟངས་ ཀྱིས་ གཞན་ ཡང་ འཇམ་དཔལ་ གཞོན་ནུ ར་ གྱུར་པ་ ལ་ འདི་ སྐད་ ཅེས་ སྨྲས་ སོ ། །,爾時善德天子白文殊師利言：,4
འཇམ་དཔལ་ བྱང་ཆུབ་སེམས་དཔའ་ ལམ་ ཇི་ ལྟ ར་ སྒོམ །,「菩薩云何修習於道？」,4
སྨྲས་པ །,文殊師利言：「,4
ལྷ འི་ བུ་ བྱང་ཆུབ་སེམས་དཔའ་ ནི་ འཁོར་བ་ ཡང་ མི་ སྤོང་ ལ ། འཁོར་བ འི་ ཉེས་པ་ རྣམས་ ཀྱིས་ ཀྱང་ མི་ གོས་ སོ ། །,天子！若諸菩薩不捨生死而令眾生入於涅槃，,3
ལྷ འི་ བུ་ གཞན་ ཡང་ བྱང་ཆུབ་སེམས་དཔའ་ རྣམས་ ཀྱི་ ལམ་ ནི་ སྟོང་པ་ཉིད་ ཀྱིས་ རྣམ་པ ར་ དག་པ་ ཡང་ ཡིན་ ལ ། ལྟ་བ ར་ གྱུར་པ་ ལ་ ཡང་ མཁས་ ཤིང་ ལྟ་བ ར་ གྱུར་པ་ ལ་ མངོན་པ ར་ ཞེན་པ་ ཡང་ མེད་ དོ །,復次天子！修習道者，善巧安住清淨性空。何以故？菩薩以寂靜心見一切法自性清淨，為諸眾生樂著諸見、安住隨眠無方便者，演說諸法自性空義。,2
འདི་ ནི་ བྱང་ཆུབ་སེམས་དཔའ་ རྣམས་ ཀྱི་ ལམ་ སྒོམ་པ་ ཞེས་ བྱའོ ། །,天子！是名菩薩修習於道。,3
ལྷ འི་ བུ་ གཞན་ ཡང་ བྱང་ཆུབ་སེམས་དཔའ་ རྣམས་ ཀྱི་ ལམ་ ནི་ འགྲོ་བ་ དང་ འོང་བ་ ཞེས་ བྱའོ ། །,復次天子！應見菩薩去來之道。」,3
དེ་ ཅི འི་ ཕྱི ར་ ཞེ་ ན ། བྱང་ ཆུབ་ སེམས་དཔའ་ རྣམས་ ཀྱི་ འགྲོ་བ་ ནི་ སེམས་ཅན་ གྱི་ བསམ་པ་ རྣམས་ ལའོ ། །,文殊師利言：「天子！菩薩證菩提而去，,1
འོང་བ་ ནི་ སོ་སོ་ ཅི་ རིགས་པ ར་ ཆོས་ སྟོན་པ འི་ ཕྱི ར་ རོ ། །,如應說法而來。,2
བྱང་ཆུབ་སེམས་ དཔ འི་ འགྲོ་བ་ ནི་ སྙོམས་པ ར་ འཇུག་པ་ སྐྱེད་པ འི་ ཕྱི ར་ རོ ། །,得諸[禪解脫而去，,3
འོང་བ་ ནི་ འདོད་པ འི་ ཁམས་ ཀྱི་ སེམས་ཅན་ གྱི་ ནང་ དུ་ སྐྱེ་བ འི་ ཕྱི ར་ རོ ། །,現生欲界中來。,2
བྱང་ཆུབ་སེམས་ དཔ འི་ འགྲོ་བ་ ནི་ འཕགས་པ འི་ ལམ་ དུའོ ། །,入於聖道故去，,4
འོང་བ་ ནི་ འཕགས་པ་ མ་ ཡིན་པ འི་ སེམས་ཅན་ ཡོངས་ སུ་ སྨིན་པ ར་ བྱེད་པ འི་ ཕྱི ར་ རོ ། །,大悲成熟眾生故來。,4
འགྲོ་བ་ ནི་ མི་ སྐྱེ་བ འི་ ཆོས་ ལ་ བཟོད་པ་ ཐོབ་པ ར་ བྱེད་པ འི་ ཕྱི ར་ རོ ། །,得無生法忍而去，,5
འོང་བ་ ནི་ བཟོད་པ་ དེ་ སེམས་ཅན་ གྱི་ ཁོང་ དུ་ ཆུད་པ ར་ བྱེད་པ འི་ ཕྱི ར་ རོ ། །,忍受眾生故來。,5
བྱང་ཆུབ་སེམས་ དཔ འི་ འགྲོ་བ་ ནི་ འབྱུང་བ་ ལ་ མཁས་པ་ ལའོ ། །,於一切法出離故去，,2
འོང་བ་ ནི་ འབྱུང་བ་ མ་ ཡིན་པ ར་ འབྱུང་བ འི་ ཕྱི ར་ རོ ། །,拔出眾生故來。,2
བྱང་ཆུབ་སེམས་ དཔ འི་ འགྲོ་བ་ ནི་ མྱ་ངན་ ལས་ འདས་པ ར་ འགྲོ་བ འི་ ཕྱི ར་ རོ ། །,誓願堅固而去，,1
འོང་བ་ ནི་ འཁོར་བ་ ན་ སེམས་ཅན་ ཡོངས་ སུ་ སྨིན་པ ར་ བྱེད་པ འི་ ཕྱི ར་ རོ ། །,誓願無自性而來。,1
འགྲོ་བ་ ནི་ གང་ དུ་ ཡང་ འགྲོ་བ་ དང་ ། འོང་བ་ མེད་པ ར་ སོ་སོ ར་ རྟོག་པ འི་ ཕྱི ར་ རོ ། །,三解脫門而去，,1
བྱང་ཆུབ་སེམས་དཔའ་ རྣམས་ ཀྱི་ འོང་བ་ ནི་ ཆོས་ ཁོང་ དུ་ ཆུད་པ ར་ བྱེད་པ འི་ ཕྱི ར་ རོ ། །,故受生而來。,1
འགྲོ་བ་ ནི་ རྣམ་པ ར་ ཐར་པ འི་ སྒོ་ སྟོང་པ་ཉིད་ དང་ ། མཚན་ མ་ མེད་པ་ དང་ ། སྨོན་པ་ མེད་པ་ བསྒོམ་པ འི་ ཕྱི ར་ རོ ། །,菩提道場故去，,1
འོང་བ་ ནི་ རྣམ་པ ར་ རྟོག་པ་ གསུམ་ སྤང་བ ར་ ཆོས་ སྟོན་པ འི་ ཕྱི ར་ རོ །,為安立眾生於菩提故來。,1
ལྷ འི་ བུ་ འདི་ ནི་ བྱང་ཆུབ་སེམས་དཔའ་ རྣམས་ ཀྱི་ ལམ་འགྲོ་བ་ དང་ འོང་བ་ ཞེས་ བྱའོ ། །,天子！是名諸菩薩去來之道。」,4
བསྟན་པ་ འདི་ བཤད་པ་ ན་ བྱང་ཆུབ་སེམས་དཔའ་ ལྔ་ བརྒྱ་ མི་ སྐྱེ་བ འི་ ཆོས་ ལ་ བཟོད་པ་ སྐྱེས་ སོ ། །,說此菩薩道時，五百菩薩得無生法忍。,3
དེ་ ནས་ ལྷ འི་ བུ་ དཔལ་ བཟངས་ ཀྱིས་ འཇམ་དཔལ་ གཞོན་ནུ ར་ གྱུར་པ་ ལ་ འདི་ སྐད་ ཅེས་ སྨྲས་ སོ ། །,爾時善德天子白文殊師利言：,5
འཇམ་དཔལ་ བདག་ གིས་ འཇིག་རྟེན་ གྱི་ ཁམས་ ཡོན་ཏན་ ཐམས་ཅད་ ཀྱི་ འོད་ ཅེས་ བགྱི་བ་ ཞིག་ ཐོས་ ན་ འཇམ་དཔལ་ འཇིག་རྟེན་ གྱི་ ཁམས་ ཡོན་ཏན་ ཐམས་ཅད་ ཀྱི་ འོད་ དེ་ ཕྱོགས་ གང་ ན་ མཆིས ། དེ་ ན་ དེ་བཞིན་གཤེགས་པ འི་ མཚན་ ཇི་ སྐད་ ཅེས་ བགྱི་བ་ ཞིག་ ཆོས་སྟོན །,「我等曾聞有世界名一切功德光明，為在何處？何等如來於中說法？」,3
འཇམ་དཔལ་ གྱིས་ སྨྲས་པ ། ལྷ འི་ བུ་ སྟེང་ གི་ ཕྱོགས་ སུ་ སངས་རྒྱས་ ཀྱི་ ཞིང་ འདི་ ནས་ སངས་རྒྱས་ ཀྱི་ ཞིང་ གང་གཱ འི་ ཀླུང་ བཅུ་ གཉིས་ ཀྱི་ བྱེ་མ་ སྙེད་ འདས་པ་ ན་ འཇིག་རྟེན་ གྱི་ ཁམས་ ཡོན་ཏན་ ཐམས་ཅད་ ཀྱི་ འོད་ ཅེས་ བྱ་བ་ ཡོད་ དེ །,文殊師利言：「天子！彼一切功德光明世界，在於上方過十二恒河沙佛剎，,3
དེ་ ན་ དེ་བཞིན་གཤེགས་པ་ དགྲ་བཅོམ་པ་ ཡང་ དག་པ ར་ རྫོགས་པ འི་ སངས་རྒྱས་ ཀུན་ ཏུ་ བཟང་པོ་ ཞེས་ བྱ་བ་ ཆོས་ སྟོན་ ཏོ ། །,普賢如來於中說法。」,3
སྨྲས་པ ། འཇམ་ དཔལ་ བདག་ གིས་ འཇིག་རྟེན་ གྱི་ ཁམས་ ཡོན་ཏན་ ཐམས་ཅད་ ཀྱི་ འོད་ དེ་ དང་ ། དེ་བཞིན་གཤེགས་པ་ དགྲ་བཅོམ་པ་ ཡང་ དག་པ ར་ རྫོགས་པ འི་ སངས་རྒྱས་ ཀུན་ ཏུ་ བཟང་པོ་ དེ་ བལྟ་བ ར་ བགྱིའོ ། །,諸天子言：「我等願欲見彼世界及彼如來。」,2
དེ་ ནས་ འཇམ་དཔལ་ གཞོན་ནུ ར་ གྱུར་པ ས་ དེ འི་ ཚེ་ དྲི་མ་ མེད་པ འི་ འོད་ ཅེས་ བྱ་བ འི་ ཏིང་ངེ་འཛིན་ ལ་ སྙོམས་པ ར་ ཞུགས་ སོ ། །,爾時文殊師利即入光明莊嚴三昧，,2
འཇམ་དཔལ་ གཞོན་ནུ ར་ གྱུར་པ་ སྙོམས་པ ར་ ཞུགས་ མ་ ཐག་ ཏུ་ ལུས་ ལས་ དེ་ དང་ འཐུན་པ འི་ འོད་ བྱུང་ སྟེ །,以三昧力放大光明，,2
འོད་ དེ ས་ སངས་རྒྱས་ ཀྱི་ ཞིང་ གང་གཱ འི་ ཀླུང་ བཅུ་ གཉིས་ ཀྱི་ བྱེ་མ་ སྙེད་པོ་ དེ་ དག་ སྣང་བ ར་ བྱས་ ནས་ འཇིག་རྟེན་ གྱི་ ཁམས་ ཡོན་ཏན་ ཐམས་ཅད་ ཀྱི་ འོད་ དེ་ ཡང་ སྣང་བ་ ཆེན་པོ ས་ ཁྱབ་པ ར་ གྱུར་ ཏོ །,過十二恒河沙佛剎，遍照一切功德光明世界。,3
ཐལ་མོ་ སྦྱར་ ནས་ བཅོམ་ལྡན་འདས་ ལ་ ཞུས་པ ། བཅོམ་ ལྡན་ འདས་ འོད་ འདི་ ལྟ ར་ ཡོངས་ སུ་ དག་པ་ འདི་ གང་ ནས་ མཆིས །,時彼菩薩問：「此光明從何所來？」,1
བཅོམ་ལྡན་འདས་ དེ ས་ བཀའ་ སྩལ་པ ། རིགས་ ཀྱི་ བུ་ དག་ འོག་ གི་ ཕྱོགས་ སུ་ སངས་རྒྱས་ ཀྱི་ ཞིང་ འདི་ ནས་ སངས་རྒྱས་ ཀྱི་ ཞིང་ གང་གཱ འི་ ཀླུང་ བཅུ་ གཉིས་ ཀྱི་ བྱེ་མ་ སྙེད་ འདས་པ་ ན ། འཇིག་ རྟེན་ གྱི་ ཁམས་ མི་མཇེད་ ཅེས་ བྱ་བ་ ཡོད་ དེ །,彼佛告言：「善男子！下方過十二恒河沙佛剎有世界名娑婆，,4
དེ་ ན་ དེ་བཞིན་གཤེགས་པ་ དགྲ་བཅོམ་པ་ ཡང་ དག་པ ར་ རྫོགས་པ འི་ སངས་རྒྱས་ ཤཱཀྱ་ཐུབ་པ་ ཞེས་ བྱ་བ་ བཞུགས་ སོ ། ། འཚོ་ འོ ། ། གཞེས་ སོ ། ། ཆོས་ ཀྱང་ སྟོན་ ཏོ ། །,彼土有佛名釋迦牟尼如來、應、正等覺，在世說法。,5
དེ་ ན་ ཕྱི ར་ མི་ ལྡོག་པ འི་ བྱང་ཆུབ་སེམས་དཔའ་ འཇམ་དཔལ་ གཞོན་ནུ ར་ གྱུར་པ་ ཞེས་ བྱ་བ་ དྲི་མ་ མེད་པ འི་ འོད་ ཅེས་ བྱ་བ འི་ ཏིང་ངེ་འཛིན་ ལ་ སྙོམས་པ ར་ ཞུགས་ ཏེ །,彼有菩薩名文殊師利，入光明莊嚴三昧，,3
དེ འི་ ལུས་ ཀྱི་ འོད་ ཀྱིས་ ཕྱོགས་ བཅུ འི་ སངས་རྒྱས་ ཀྱི་ ཞིང་ ཚད་ མེད་ གྲངས་ མེད་པ་ དག་ སྣང་བ་ ཆེན་པོ ས་ ཁྱབ་བོ ། །,放大光明遍照十方無量佛剎，,4
དེ ས་ འཇིག་རྟེན་ གྱི་ ཁམས་ འདི་ ཡང་ སྣང་བ་ ཆེན་པོ ས་ ཁྱབ་བོ ། །,是其光明來照此會。」,2
གསོལ་པ ། བཅོམ་ལྡན་འདས་ བདག་ཅག་ གིས་ འཇིག་རྟེན་ གྱི་ ཁམས་ མི་མཇེད་ དེ་ དང་ ། བཅོམ་ལྡན་འདས་ དེ་བཞིན་གཤེགས་པ་ ཤཱཀྱ་ཐུབ་པ་ དེ་ དང་ ། འཇམ་དཔལ་ གཞོན་ནུ ར་ གྱུར་པ་ བལྟ་བ ར་ བགྱིའོ ། །,彼諸菩薩即白普賢如來：「我等願見釋迦牟尼世尊及文殊師利菩薩。」,2
དེ་ ནས་ བཅོམ་ལྡན་འདས་ དེ་བཞིན་གཤེགས་པ་ ཀུན་ ཏུ་ བཟང་པོ ས་ ཞབས་ ཀྱི་ འོག་ གི་ མཐིལ་ གྱི་ འཁོར་ལོ་ རྩིབས་ སྟོང་ དང་ ལྡན་པ་ ལས་ འོད་ཟེར་ སྟོང་ བྱུང་ སྟེ །,時普賢如來放大光明，,2
འོད་ཟེར་ དེ་ དག་ ཀྱང་ སངས་རྒྱས་ ཀྱི་ ཞིང་ གང་གཱ འི་ ཀླུང་ བཅུ་ གཉིས་ ཀྱི་ བྱེ་མ་ སྙེད་ ལས་ འདས་ ཏེ ། འཇིག་ རྟེན་ གྱི་ ཁམས་ མི་མཇེད་ འདི ར་ སྣང་བ་ ཆེན་པོ ས་ ཁྱབ་པ ར་ བྱས་ སོ ། །,照十二恒河沙佛剎至娑婆世界，令彼菩薩分明見此菩薩眾會。,2
དེ་ ནས་ བཅོམ་ལྡན་འདས་ དེ་བཞིན་གཤེགས་པ་ ཀུན་ ཏུ་ བཟང་པོ ས་ བྱང་ཆུབ་སེམས་དཔའ་ དེ་ དག་ ལ་ བཀའ་ སྩལ་པ །,時彼世尊告諸菩薩：,3
རིགས་ ཀྱི་ བུ་ དག་ དེ་ ལྟ ར་ ཆོས་ ཀྱི་ གཏམ་ ཆེན་པོ་ འབྱུང་བ ར་ འགྱུར་ ན ། ཁྱེད་ ཀྱི་ ནང་ ནས་ འཇིག་རྟེན་ གྱི་ ཁམས་ མི་མཇེད་ དེ ར་ འགྲོ་བ ར་ སྤྲོ་བ་ སུ་ ཡོད །,「誰能往彼娑婆世界？」,2
བྱང་ཆུབ་སེམས་དཔའ་ ཡེ་ཤེས་ སྒྲོན་མ་ འཛིན་ ཅེས་ བྱ་བ་ དེ ར་ འདུས་ ཏེ་ འདུག་པ ར་ གྱུར་པ་ དེ ས་ བཅོམ་ལྡན་འདས་ དེ་ ལ་ གསོལ་ པ །,爾時持法炬菩薩摩訶薩白佛言：,2
བཅོམ་ལྡན་འདས་ བདག་ འཇིག་རྟེན་ གྱི་ ཁམས་ མི་མཇེད་ དེ ར་ མཆི་བ ར་ སྤྲོ་ ལགས་ སོ ། །,「世尊！我能往彼娑婆世界。」,1
བཅོམ་ལྡན་འདས་ དེ ས་ བཀའ་ སྩལ་པ ། རིགས་ ཀྱི་ བུ་ ད་ དེ འི་ དུས་ ལ་ བབ་པ ར་ ཤེས་ ན་ སོང་ ཤིག,佛言：「今正是時。」,2
། དེ་ ནས་ བྱང་ཆུབ་སེམས་དཔའ་ སེམས་དཔའ་ ཆེན་པོ་ ཡེ་ཤེས་ སྒྲོན་མ་ འཛིན་ བྱང་ཆུབ་སེམས་དཔའ་ བྱེ་བ་ ཕྲག་ བཅུ ས་ ཡོངས་ སུ་ བསྐོར་ ཅིང་ མདུན་ དུ་ བདར་ ཏེ །,爾時持法炬菩薩與十億諸菩薩俱，,1
དཔེ ར་ ན་ སྐྱེས་བུ་ སྟོབས་ དང་ ལྡན་པ ས་ ལག་པ་ བསྐུམ་པ་ ལས་ བརྐྱང་བ་ དང་ ། བརྐྱང་བ་ ལས་ བསྐུམ་པ་ ཙམ་ གྱི་ སྐད་ ཅིག་ ཐང་ ཅིག་ ཡུད་ ཙམ་ དེ་ ལ ། སངས་ རྒྱས་ ཀྱི་ ཞིང་ དེ་ ནས་ མི་ སྣང་བ ར་ གྱུར་ ནས་ འཇིག་རྟེན་ གྱི་ ཁམས་ མི་མཇེད་ འདི ར་ དགའ་ལྡན་ གྱི་ གནས་ སུ་ འཇམ་དཔལ་ གཞོན་ནུ ར་ གྱུར་པ འི་ མདུན་ གྱི་ སྟེང་ གི་ བར་སྣང་ ལ་ གནས་པ འི་ ཁང་པ་ བརྩེགས་པ ར་ ཕྱིན་ ཏོ ། །,於彼國沒，現兜率陀天，,1
ཁྱོད་ ཀྱིས་ འོད་ བཀྱེ་བ་ དེ་ ཡང་ འཇིག་རྟེན་ གྱི་ ཁམས་ དེ ར་ ཕྱིན་ ཏོ ། །,放大光明遍照世界。,2
དེ་ ནས་ འདོད་པ་ ན་ སྤྱོད་པ་ དང་ ། གཟུགས་ ན་ སྤྱོད་པ འི་ ལྷ འི་ བུ་ དེ་ དག་ གིས་ བྱང་ཆུབ་སེམས་དཔའ་ དེ་ དག་ མཐོང་ ནས་ ངོ་མཚར་ དུ་ གྱུར་ ཏེ ། ཀྱེ་ མ་ ཇི་ ཙམ་ དུ་ འདི་ ལྟ ར་ མྱུར་བ ར་ འོད་ཟེར་ འདི་ འཇིག་རྟེན་ གྱི་ ཁམས་ དེ ར་ ཕྱིན་པ་ དང་ ། ཇི་ ལྟ ར་ མྱུར་བ ར་ བྱང་ཆུབ་སེམས་དཔའ་ འདི་ དག་ འཇིག་རྟེན་ གྱི་ ཁམས་ མི་མཇེད་ འདི ར་ ཕྱིན་པ་ འདི་ ནི་ སྐྱེས་བུ་ དམ་པ་ དེ་ དག་ གི་ མངོན་པ ར་ ཤེས་པ འི་ རྣམ་པར་ འཕྲུལ་པ འི་ སྟོབས་ དང་ ། ཏིང་ངེ་འཛིན་ གྱི་ བྱིན་ གྱིས་ བརླབས་ ཀྱི་ སྟོབས་ བསམ་ གྱིས་ མི་ ཁྱབ་པོ་ ཞེས་ ཆེད་ དུ་ བརྗོད་པ་ ཆེད་ དུ་ བརྗོད་ དོ ། །,時諸天、龍、夜叉、乾闥婆、阿修羅、迦樓羅、緊那羅、摩睺羅伽，釋梵護世諸天子等，及諸聲聞菩薩大眾，得未曾有，作如是言：「此諸菩薩遊戲神通甚為希有。」,1
དེ་ ནས་ འཇམ་དཔལ་ གཞོན་ནུ ར་ གྱུར་པ ས་ ལྷ འི་ འཁོར་ ཆེན་པོ་ དེ་ ལྟ ར་ འདུས་པ་ དེ་ ལ་ ཅི་ ནས་ ཀྱང་ ལྷ་ ཁྲག་ཁྲིག་ ཕྲག་ བདུན་ ཅུ་ རྩ་ གཉིས་ བསམ་པ་ ཐག་པ་ ནས་ བླ་ ན་ མེད་པ་ ཡང་ དག་པ ར་ རྫོགས་པ འི་ བྱང་ཆུབ་ ཏུ་ སེམས་ བསྐྱེད་པ་ དེ་ ལྟ་ དེ་ ལྟ ར་ ཆོས་ བསྟན་ ཏོ ། །,當此文殊師利現神變時，七那由他諸天子等發阿耨多羅三藐三菩提心。,2
དེ་ ནས་ འཇམ་དཔལ་ གཞོན་ནུ ར་ གྱུར་པ་ ཇི་སྲིད་ དུ་ དགའ་ལྡན་ གྱི་ གནས་ སུ་ ལྷ་ རྣམས་ ཀྱི་ དོན་ བྱ་བ་ དེ་ སྲིད་ དུ་ བྱས་ ནས་ བྱང་ཆུབ་སེམས་དཔའ་ བྱེ་བ་ ཕྲག་ བཅུ་པོ་ དེ་ དག་ དང་ ལྷན་ ཅིག་ ། རང་ གི་ འཁོར་ དང་ ལྷན་ ཅིག་ ། བརྒྱ་ བྱིན་ དང་ ། ཚངས་པ་ དང་ ། འཇིག་ རྟེན་ སྐྱོང་བ་ ལྷ འི་ བུ་ དང་ བཅས་པ་ དང་ ལྷན་ ཅིག་ ཏུ་ དགའ་ལྡན་ གྱི་ གནས་ ནས་ མི་ སྣང་བ ར་ གྱུར་ ཏེ །,時文殊師利於彼天子應可度者皆悉度已，與持法炬諸菩薩眾，及大聲聞，天、龍、夜叉、乾闥婆等，往詣佛所。,2
སེམས་ ཀྱི་ འགྱུ་བ་ ཙམ་ གྱིས་ བཅོམ་ལྡན་འདས་ ཀྱི་ སྤྱན་སྔ ར་ ཕྱིན་ ནས ། དེ་ དག་ གིས་ བཅོམ་ལྡན་འདས་ ཀྱི་ ཞབས་ ལ་ མགོ་བོ ས་ ཕྱག་ འཚལ་ ཏེ །,到已頂禮佛足,2
བཅོམ་ལྡན་འདས་ ལ་ ལན་ བདུན་ བསྐོར་བ་ བྱས་ ནས་ བཅོམ་ལྡན་འདས་ ཀྱིས་ གནང་ སྟེ ། ཕྱོགས་ གཅིག་ ཏུ་ རང་ རང་ གི་ སྟན་ ལ་ འཁོད་ དོ ། །,却住一面。,2
དེ་ ནས་ བྱང་ཆུབ་སེམས་དཔའ་ ཡེ་ཤེས་ སྒྲོན་མ་ འཛིན་ དང་ ལྷན་ ཅིག་ ལྷགས་པ འི་ བྱང་ཆུབ་སེམས་དཔའ་ བྱེ་བ་ ཕྲག་ བཅུ་པོ་ དེ་ དག་ གིས་ བཅོམ་ལྡན་འདས་ ཀྱི་ ཞབས་ ལ་ མགོ་བོ ས་ ཕྱག་ འཚལ་ ཏེ ། ལན་ བདུན་ བསྐོར་བ་ བྱས་ ནས་ བཅོམ་ལྡན་འདས་ ཀྱི་ སྤྱན་སྔ ར་ ཐལ་མོ་ སྦྱར་ ཏེ་ བཅོམ་ལྡན་འདས་ ལ་ འདི་ སྐད་ ཅེས་ གསོལ་ ཏོ ། །,爾時持法炬菩薩白佛言：,1
བཅོམ་ལྡན་འདས་ ལ་ བཅོམ་ལྡན་འདས་ དེ་བཞིན་གཤེགས་པ་ ཀུན་ ཏུ་ བཟང་པོ་ གནོད་པ་ ཆུང་ ངམ ། ཉམ་ ང་བ་ ཉུང་ ངམ ། བསྐྱོད་པ་ ཡང་ ངམ ། སྟོབས་ དང་ བདེ་བ་ ལ་ རེག་པ ར་ གནས་ སམ་ ཞེས་ སྙུན་ གསོལ་ ཏོ །,「世尊！普賢如來問訊世尊，少病少惱、起居輕利、安樂行不？」,3
གྲོགས་པོ་ དག་ སྐྱེས་བུ་ དམ་པ་ འདི་ དག་ དང་ ། འཇམ་དཔལ་ གཞོན་ནུ ར་ གྱུར་པ་ དང་ ། བྱང་ཆུབ་སེམས་དཔའ་ ཡེ་ཤེས་ སྒྲོན་མ་ འཛིན་ གྱི་ མངོན་པ ར་ ཤེས་པ འི་ རྣམ་པ ར་ འཕྲུལ་པ་ དང་ ། བྱིན་ གྱིས་ བརླབས་ ཀྱི་ སྟོབས་ དང་ ། སེམས་ཅན་ སྡུད་པ་ དང་ ། ཡོངས་ སུ་ སྨིན་པ ར་ བྱེད་པ་ དང་ ། ཐབས་ དང་ ། རིགས་པ་ དང་ ། ཡེ་ ཤེས་ དང་ ། ཤེས་ རབ་ ཀྱི་ རབ་ ཏུ་ དབྱེ་བ་ དང་ སྤོབས་པ་ ལ་ ལྟོས །,「善男子！此文殊師利及持法炬正士，神通變化智慧光明，成熟眾生奉事諸佛，一切菩薩不能知其智慧方便深入邊際。汝善男子！應當學此文殊師利及持法炬正士，并諸菩薩所有神通辯才智慧，奉事諸佛成熟眾生。,2
གྲོགས་པོ་ དག་ བྱང་ཆུབ་སེམས་དཔའ་ འདི་ དག་ ནི་ བསྐལ་པ་ གྲངས་ མེད་པ་ ནས་ བཟུང་ སྟེ ། སངས་ རྒྱས་ ཀྱི་ མཛད་པ ས་ སེམས་ཅན་ རྣམས་ ལ་ ཉེ་བ ར་ གནས་པ་ དག་ གོ,此諸正士無數劫來，從一佛剎至一佛剎常作佛事。,1
། སེམས་ཅན་ གང་ དག་ གིས་ དབང་པོ་ དྲུག་པོ་ དག་ ལ་ སྐྱེས་བུ་ དམ་པ་ འདི་ དག་ མངོན་པ ར་ འགྱུར་བ་ དེ་ དག་ ནི་ ཕྱི ས་ བདུད་ ཀྱི་ ཡུལ་ ལ་ གནས་པ ར་ མི་ འགྱུར་ རོ ། ། ཞེས་ བརྗོད་པ ར་ བྱའོ ། །,若諸眾生入此正士境界，當來不復墮於魔界。」,2
དེ་ ནས་ བཅོམ་ལྡན་འདས་ ཀྱིས་ ཚེ་ དང་ ལྡན་པ་ ཀུན་དགའ་བོ་ ལ་ བཀའ་ སྩལ་པ །,爾時世尊告長老阿難：,2
ཀུན་དགའ་བོ་ ཁྱོད་ ཀྱིས་ ཆོས་ ཀྱི་ རྣམ་གྲངས་ འདི་ ཟུང་ ཤིག་ ། ཆོངས་ ཤིག་ ། ལྷོགས་ ཤིག་ ། ཀུན་ཆུབ་པ ར་ གྱིས་ ཤིག་ ། གཞན་ དག་ ལ་ ཡང་ རྒྱ་ ཆེ ར་ རབ་ ཏུ་ སྟོན་ ཅིག,「汝善持此法門，不斷三寶種故。」,2
། བཅོམ་ལྡན་འདས་ ཀྱིས་ དེ་ སྐད་ ཅེས་ བཀའ་ སྩལ་ ནས ། ལྷ འི་ བུ་ དཔལ་ བཟངས་ དང་ ། ཚེ་ དང་ ལྡན་པ་ ཀུན་དགའ་བོ་ དང་ ། ཐམས་ཅད་ དང་ ལྡན་པ འི་ འཁོར་ དེ་ དང་ ། ལྷ་ དང་ ། མི་ དང་ ། ལྷ་མ་ཡིན་ དང་ ། དྲི་ཟ ར་ བཅས་པ འི་ འཇིག་རྟེན་ ཡི་ རངས་ ཏེ ། བཅོམ་ལྡན་འདས་ ཀྱིས་ གསུངས་པ་ ལ་ མངོན་པ ར་ བསྟོད་ དོ ༎,佛說此經已，善德天子、長老阿難，一切世間天、龍、乾闥婆、阿修羅等，聞佛所說，皆大歡喜。,3
༎ འཕགས་པ་ དཀོན་མཆོག་ བརྩེགས་པ་ ཆེན་པོ འི་ ཆོས་ ཀྱི་ རྣམ་གྲངས་ ལེའུ་ སྟོང་ ཕྲག་ བརྒྱ་པ་ ལས་ སངས་རྒྱས་ ཀྱི་ ཡུལ་ བསམ་ གྱིས་ མི་ ཁྱབ་པ་ བསྟན་པ་ ཞེས་ བྱ་བ འི་ ལེའུ་ སྟེ་ སུམ་ ཅུ་ རྩ་ ལྔ་པ་ རྫོགས་ སོ ༎,大寶積經卷第一百一,1