,,
། དེ་ ནས་ ལྷ འི་ དབང་པོ་ བརྒྱ་བྱིན་ གྱིས་ དུས་ གཞན་ ཞིག་ ན་ དེས་པ་ ལ་ དབྱིག་ དང་ ། གསེར་ མང་པོ་ བསྟན་ ནས་ འདི་ སྐད་ ཅེས་ སྨྲས་ སོ ། །,於是釋提桓因於須賴前，化作七寶金寶現須賴前，復化作眾人，住須賴前，謂須賴言：,4
དེ ས་ པ འོ་ ནི་ ལས་ ཁྱེར་ ལ་ སྦྱིན་པ་ དག་ བྱིན་ ཅིག་ ། བསོད་ནམས་ དག་ གྱིས་ ཤིག་ ། གོས་ དང་ རྒྱན་ དག་ ཀྱང་ ཐོགས་ ཤིག་ ། ཁྱོད་ ངན་ ཅིང་ དབུལ་བ ས་ ཅི་ ཞིག་ བྱ །,「取是金寶可用布施，亦可作福；可以作服飾、臥具，亦可好衣，亦可美食，云何守是貧行？」,5
དེས་པ ས་ སྨྲས་པ ། གྲོགས་པོ་ དག་ སྔོན་ སེམས་ཅན་ རྣམས་ ལ་ ལུས་ ཀྱིས་ ཉེས་པ ར་ སྤྱད་པ་ དང་ ། ངག་ དང་ ། ཡིད་ ཀྱིས་ ཉེས་པ ར་ སྤྱད་པ ས་ འདི ར་ དབུལ་པོ་ ཞེས་ བྱ་བ ར་ གྱུར་ ཏོ ། །,須賴報言：「前之惡行，諸仁者！我之此報，令我如今貧鄙，,4
དེ་བ ས་ ན་ ཁོ་བོ་ ནི་ མ་ བྱིན་པ ར་ ལེན་པ་ བྱེད་པ ར་ མི་ འདོད་ དོ །,然不能守是貧，當犯不與取也。」,2
བརྒྱ་བྱིན་ གྱིས་ སྨྲས་པ ། དེས་པ་ ཁྱོད་ ད་ ལྟ ར་ ཇི་ བདེ་བ ར་ འཚོ་པ ར་ གྱིས་ ཤིག་ ། འཇིག་ རྟེན་ ཕ་རོལ་ བསམ་པ ས་ ཁྱོད་ ལ་ ཅི་ ཞིག་ བྱ །,「惟須賴！宜可樂活盡壽，何為乃遠慮後世之報，以為言說？」,4
དེས་པ ས་ སྨྲས་པ ། གྲོགས་པོ་ གང་ ཚེ་ འདི་ ཆེད་ ཆེ ར་ འཛིན་པ་ འདི་ ནི་ བྱིས་པ འི་ ཆོས་ ཡིན་ གྱིས,須賴報言：「諸仁者！是為愚法。,3
མཁས་པ་ རྣམས་ ནི་ ཚེ་ ཕྱི་མ་ ཆེད་ ཆེ ར་ འཛིན་ ཏོ །,夫見法者慮是重報，能慮重報者，是則為明達。,4
,,
། གཞན་ ཡང་ སེམས་ཅན་ དབུལ་པོ་ གང་ ཡིན་པ་ དེ་ དག་ ཁོ་བོ ས་ ཚིགས་ སུ་ བཅད་པ་ དག་ གིས་ བཤད་ ཀྱིས་ ཉོན་ ཅིག་ །,當於是時，則說偈言：,3
,,
། དེ་ ནས་ ལྷ འི་ དབང་པོ་ བརྒྱ་བྱིན་ གྱིས་ དུས་ གཞན་ ཞིག་ ན་ མི་ གཞན་ ཞིག་ སྤྲུལ་ ཏོ ༎ དེ་ ནས་ མི་ དེ ས་ གསེར་ མང་པོ་ ཁྱེར་ ཏེ་ དེས་པ་ ལ་ འདི་ སྐད་ ཅེས་ སྨྲས་ སོ ། །,於是釋化已為長者形，持名上寶價直百千，住須賴前，謂須賴言：,4
ཀྱེ་ དེས་པ་ གསེར་ ཁྱེར་ ལ་ ཁོ་བོ་ མི་ གཞན་ ཞིག་ དང་ རྩོད་པ་ དེ་ ལ་ ཁྱོད་ གཅིག་པུ ས་ ཆེ་ གཞི་ བྱ་བ ར་ ཁོ་བོ ས་ བྱས་ ཀྱི་ དེ ར་ ཁོ་བོ འི་ ཆེ་ གཞི་ གྱིས་ ཤིག་ དེ ས་ པས་ སྨྲས་ པ །,「我於王波斯匿前有所諍訟，引仁為一證，以寶相與，願仁為我證。」,5
གྲོགས་པོ་ ཐོད་ ཁྱོད་ དེ་ སྐད་ མ་ ཟེར་ ཅིག་ །,須賴謂言：「仁者莫作是說，,4
ཁོ་བོ་ ནི་ བརྫུན་ ཟེར་ དུ་ མི་ འདོད་ དོ ། །,我不能以不知故而作妄言。,3
ཀྱེ་ གྲོགས་པོ་ བརྫུན་ དུ་ སྨྲ་བ་ ནི་ བདག་ ལ་ ཡང་ སླུ་ ཞིང་ ཕ་རོལ་ ལ་ ཡང་ སླུ་ ལ་ འཕགས་པ་ ལ་ སླུ་བ་ ཡིན་ ཏེ །,何以故？妄言者，仁者，為自欺身亦欺他人，欺諸聖賢。,5
གྲགས་པ་ ཉམས་པ ར་ བྱེད་པ་ དང་ ། ཡིད་ མི་ ཆེས་པ་ དང་ ། ཡིད་ དུ་ མི་ འོང་བ ར་ བྱེད་པ་ དང་ ། བརྙས་པ ར་ བྱེད་པ་ དང་ ། སེམ ས་ ཡོངས་ སུ་ གདུང་བ ར་ བྱེད་པ་ ཡིན་ ནོ ། །,妄言者，仁者，令人身臭心口無信令其心惱。,3
ཀྱེ་ གྲོགས་པོ་ བརྫུན་ དུ་ སྨྲ་བ་ ནི་ ཁ་ མནམ་པ ར་ བྱེད་པ་ དང་ ། ལུས་ སྨད་པ ར་ བྱེད་པ་ དང་ ། ལྷ འི་ ཡིད་ དུ་ མི་ འོང་བ ར་ བྱེད་པ་ ཡིན་ ནོ ། །,夫妄言者，仁者，令其口臭令身失色天神所棄。,5
ཀྱེ་ གྲོགས་པོ་ བརྫུན་ དུ་ སྨྲ་བ་ ནི་ དགེ་བ འི་ རྩ་བ་ རྣམས་ ལ་ རྐུ་བ་ དང་ ། དྲན་པ་ རྨུགས་པ ར་ བྱེད་པ་ དང་ ། མཐོ་རིས་ ཀྱི་ ལམ་ ལ་ སྒྲིབ་པ་ ཡིན་ ནོ །,夫妄言者，仁者，亡失一切諸善本，於己愚冥迷失善路。,4
ཀྱེ་ གྲོགས་པོ་ བརྫུན་ དུ་ སྨྲ་བ་ ནི་ འཕགས་པ་ རྣམས་ ཀྱིས་ བཙོན་པ ར་ མི་ བྱ་བ་ དང་ ། ཡང་ དག་པ ར་ སྨྲ་བ་ རྣམས་ ཀྱི་ ནང་ དུ་ ཚིག་ མི་ མཛེས་པ་ དང་ ། མཁས་པ་ རྣམས་ ཀྱིས་ སྨད་པ་ དང་ ། སྡིག་པ་ ཐམས་ཅད་ ཀྱི་ རྩ་བ་ དང་ ། བརྟུལ་ ཞུགས་ ཡོངས་ སུ་ སྐོང་བ འི་ རྩ་བ་ གཅོད་པ་ དང་ ། ངན་ འགྲོ་ ཐམས་ཅད་ ཀྱི་ རྩ་བ ར་ གྱུར་པ་ ཡིན་ ནོ །,夫妄言者，仁者，一切惡本，斷絕善行閑居之本。」,2
,,
,,
། དེ་ ནས་ ལྷ འི་ དབང་པོ་ བརྒྱ་བྱིན་ གྱིས་ ལྷ འི་ བུ་མོ་ ཉི་འོད་ དང་ ། ལྷ་ མ་ ཡིན་ གྱི་ བུ་མོ་ བདེ་ སོགས་ ལ་ འདི་ སྐད་ ཅེས་ སྨྲས་ སོ །,於是，釋提桓因謂阿須倫女首耶、日行玉女、識乾執樂第一夫人云：,4
,於是首耶阿須倫女日行王女識乾執樂第一夫人，於冥夜靜時，於須賴所止地之分界。行詣於彼，說溫暖甜辭，與須賴言：,
དེས་པ་ བཞེངས །,「起，仁者！,4
བདག་ཅག་ གཉིས་ ནི་ ཁྱོད་ ཀྱི་ བསྙེན་བཀུར་ བགྱིད་པ་ ལགས་ སོ །,我等故來相事。,5
དེས་པ་ བདག་ཅག་ གཉིས་ ཀྱི་ གཟུགས་ ཕུན་སུམ་ཚོགས་པ་ ལ་ གཟིགས་ ། ཤ་ཚུགས་ དང་ ། ཁ་དོག་ དང་ ། དབྱིབས་ དང་ ། ལུས་ བྱུགས་པ་ དང་ ། རྒྱན་ དང་ ། ཆས་ དང་ ། ལྷབ་ ལྷུབ་ དག་ ལ་ གཟིགས ། ན་ཚོད་ དང་པོ འི་ ལང་ཚོ་ ལ་ བབ་པ་ ལ་ གཟིགས ། དེས་པ་ ཁྱོད་ ཀྱི་ བསྙེན་བཀུར་ བགྱིད་པ་ འདི་ འདྲ་བ་ བདག་ ཉིད་ ཀྱི་ བསོད་ནམས་ ཕུན་སུམ་ཚོགས་པ་ ལ་ གཟིགས ། ན་ཚོད་ དང་པོ འི་ ལང་ཚོ་ ལ་ བབ་པ་ ལ་ གཟིགས །,觀，須賴！我等形容之嚴好，塗栴檀香瓔珞被服鮮明適在盛時視此。4,
དེས་པ་ ཁྱོད་ ཀྱི་ བསྙེན་བཀུར་ བགྱིད་པ་ འདི་ འདྲ་བ་ བདག་ ཉིད་ ཀྱི་ བསོད་ནམས་ ཕུན་སུམ་ཚོགས་པ་ ལ་ གཟིགས །,須賴！以汝之福故，得我等執事。,
,,
དེས་པ ས་ བལྟས་ ནས་ སྨྲས་པ ། ཁྱེད་ གཉིས་ ནི་ སེམས་ཅན་ དམྱལ་བ་ དང་ ། དུད་འགྲོ འི་ སྐྱེ་གནས་ དང་ ། གཤིན་ རྗེ འི་ འཇིག་རྟེན་ དུ་ ཞུགས་པ་ རྣམས་ ཀྱི་ བསྙེན་བཀུར་ བྱེད་པ་ ཡིན་ གྱི,須賴視已便作是說：「汝等盡是地獄、餓鬼、畜生行事，,5
ལྷ་ དང་ མི ར་ ཞུགས་པ་ དག་ གི་ ནི་ མ་ ཡིན་ ནོ ། །,非天人之執事。,5
ཁྱེད་ གཉིས་ ཀྱི་ ལུས་ ནི་ སྒྱུ་མ་ དང་ ། རྨི་ ལམ་ གྱི་ རང་བཞིན་ ལྟ་བུ ར་ ཁོ་བོ ས་ མཐོང་ ངོ་ ། །,又觀汝等身如幻化之自然。,4
ཁྱེད་ གཉིས་ ཀྱི་ གཟུགས་ ནི་ དབུ་བ་ དང་ ། ཆུ་ བུ ར་ དང་ ། སྨིག་རྒྱུ་ ལྟ་བུ ར་ མཐོང་ ངོ་ ། །,觀汝等之形聚沫泡之相。,5
ཁྱེད་ ཙན་དན་ གྱི་ འདེ་གུ ས་ ལུས་ བྱུགས་པ་ ནི་ ལྤགས་པ་ རློན་པ་ ཤས་ ཡོག་པ་ ལྟ་བུ ར་ མཐོང་ ངོ་ །,栴檀香之塗我觀其如是。,5
,審諦法 聚會不淨向所,
ཁྱེད་ ཀྱི་ རྒྱན་ དང་ ལྷབ་ལྷུབ་ ནི་ མིག་ སླུ་བ འི་ སྒྱུ་མ་ བྱས་པ་ ལྟ་བུ ར་ མཐོང་ ངོ་ ། །,嬈服嚴淨，見如是幻化所作。心之躁疾合會,4
ཁྱེད་ ཀྱི་ ལང་ཚོ་ ནི་ མི་ རྟག་པ་ དང་ ། འགྱུར་བ འི་ ཆོས་ཅན་ དུ་ མཐོང་ ངོ་ ། །,愚所觀無常散滅法，,4
་ བསོད་ནམས་ མ་ ཡིན་པ ར་ མཐོང་བ འི་ ཕྱི ར་ ཁྱེད་ གཉིས་ ལ་ ཁོ་བོ་ མ་ ཆགས་ སོ ། །,,
ཁྱེད་ གཉིས་ ནི་ སྤྲེའུ་ དང་ ། བུད་མེད་ ཀྱི་ སེམས་ ལྟ་བུ ར་ གྱུར་པ་ རྣམས་ ཀྱི་ བསྙེན་བཀུར་ བྱེད་པ་ ཡིན་ གྱི་ སེམས་ དྲན་པ ས་ ཀུན་ ནས་ བསྲུངས་པ་ དག་ གི་ ནི་ མ་ ཡིན་ ནོ །,以己福觀汝等 行趣地獄類，所以失志，不護己志。,5
,,
། ཆེ་ ཞེ་ དག་ འདོད་པ་ ལ་ སྟེན་པ་ ནི་ མི་ སྡུག་ པའོ ། །,欲何不明不淨者，是則貪於欲。,2
འདོད་པ་ ལ་ སྟེན་པ་ ནི་ དྲི་ ང་ བའོ ། །,附臭處者，是則貪於欲。,4
འདོད་པ་ ལ་ སྟེན་པ་ ནི་ རུལ་ པའོ ། །,附穢惡者，是則依於欲。,4
འདོད་པ་ ལ་ སྟེན་པ་ ནི་ ཤིན་ ཏུ་ སྡུག་བསྔལ་ བའོ ། །,純荷諸苦者，是則貪於欲。,5
འདོད་པ་ ལ་ སྟེན་པ་ ནི་ བདེ་བ་ ཐམས་ཅད་ ཡོངས་ སུ་ འགྲིབ་པ ར་ བྱེད་པ འོ ། །,謂貪欲樂者，是則附於欲。,3
འདོད་པ་ ལ་ སྟེན་པ་ ནི་ སེམས་ཅན་ དམྱལ་བ་ དང་ ། དུད་འགྲོ འི་ སྐྱེ་གནས་ དང་ ། གཤིན་ རྗེ འི་ འཇིག་རྟེན་ ལ་ སྟེན་ པའོ ། །,欲入地獄者，是則附於欲。欲入畜生者，彼則附於欲。欲入餓鬼者，是則附於欲。,3
འདོད་པ་ ལ་ སྟེན་པ་ ནི་ ངན་འགྲོ་ ན་ གནས་ པའོ །,欲親惡人者，是則附於欲。,3
,欲成就貪者，是則附於欲。,
། འདོད་པ་ ལ་ སྟེན་པ་ ནི་ འཐབ་པ་ དང་ ། རྩོད་པ་ དང་ ། འགྱེད་པ་ དག་ ལ་ སྟེན་ པའོ ། །,鬪諍怨訟會者，是則附於欲。,4
འདོད་པ་ ལ་ སྟེན་པ་ ནི་ ཕྱིན་ ཅི་ ལོག་ སྐྱེད་པ འོ །,顛倒之所生增益愛結者，是則附於欲。,3
,,
,,
,,
,於是釋提桓因益增驚恐，衣毛為竪：「無疑也。族姓子必從於我生。」,
། དེ་ ནས་ ལྷ འི་ དབང་པོ་ བརྒྱ་བྱིན་ གྲོང་ཁྱེར་ གྱི་ དབུལ་པོ་ དེ ས་ པ འི་ ཐད་ དུ་ སོང་ ནས་ ཚིགས་ སུ་ བཅད་ དེ་ སྨྲས་པ །,於是，釋提桓因自往詣須賴，已住須賴前，叉手說偈言：,
,,
,,
དེ་ ནས་ གྲོང་ཁྱེར་ གྱི་ དབུལ་པོ་ དེ ས་ པ ས་ དུས་ གཞན་ ཞིག་ ན་ ནོར་བུ་ རིན་པོ་ཆེ་ རིན་ཐང་ མེད་པ་ ཞིག་ རྙེད་ ནས་ དེ་ འདི་ སྙམ་ དུ་ སེམས་ ཏེ །,於是，國貧須賴彼於異時，行於舍衛大城之中便於城中得先時人瑞應天金之珠價直普世寶。,3
ནོར་བུ་ རིན་པོ་ཆེ་ འཛམ་བུ འི་ གླིང་ ན་ མཆོག་ ཏུ་ གྱུར་པ་ འདི་ བདག་ གིས་ མཉན་ཡོད་ འདི་ ན་ ཐམས་ཅད་ ཀྱི་ ནང་ ན་ དབུལ་པོ་ གང་ ཡིན་པ་ དེ་ ལ་ སྦྱིན་ གོ ར་ མ་ ཆག་ གོ་ སྙམ་ ནས་ དེ་ གྲོང་བ ར་ དུ་ སོང་ སྟེ ། ཐམས་ཅད་ ཀྱི་ ནང་ ན་ དབུལ་པོ་ སུ་ ཡིན་པ་ དེ་ ལ་ རིན་པོ་ཆེ་ འདི་ སྦྱིན་ ནོ་ ཞེས་ སྒྲ་ བསྒྲགས་པ་ དང་ །,於是國貧須賴提持珠已，便舉聲：「令於舍衛諸仁者！於是城若有極貧者，當以是直普世之寶而惠與之。」,4
དབུལ་པོ་ མགོན་ མེད་པ་ ཕལ་པོ་ཆེ་ དེ ར་ འདུས་ ཏེ ། བདག་ཅག་ དབུལ་པོ་ ཡིན་ གྱིས་ བདག་ཅག་ ལ་ བྱིན་ ཅིག་ ཅེས་ འཛེར་ ཏོ །,彼時有舊長者、居家貧者皆走馳詣：「我等極貧，以寶見惠。」,4
,又復餘人數百之眾，亦從乞寶：「我等極貧。」,
། དེས་པ ས་ སྨྲས་པ ། ཁྱེད་ ནི་ དབུལ་པོ་ མ་ ཡིན་ གྱི ། མཉན་ ཡོད་ འདི་ ན་ ཆེས་ དབུལ་བ་ གཞན་ ཞིག་ ཡོད་ ཀྱིས་ དེ་ ལ་ སྦྱིན་ ནོ ། །,須賴答：「汝等不貧。所以者何？於是舍衛大城之中有一極貧者，當以是金珠寶而惠與之。」,5
དེ་ དག་ གིས་ སྨྲས་པ ། གང་ ཡིན །,諸人答言：「於是城中有誰極貧？」,4
དེས་པ ས་ སྨྲས་པ ། རྒྱལ་པོ་ གསལ་རྒྱལ་ འདི་ ཡིན་ ནོ ། །,答言：「王波斯匿是極貧者，當以是寶而惠與之。」,4
དེ་ དག་ གིས་ སྨྲས་པ ། ཁྱོད་ དེ་ སྐད་ མ་ ཟེར་ ཅིག,諸人答言：「止！止！須賴莫說是語。,5
། རྒྱལ་པོ་ གསལ་རྒྱལ་ ནི་ ཕྱུག་ ཅིང་ ནོར་ མང་ ལ་ ལོངས་སྤྱོད་ ཆེ་བ་ ཡིན་ གྱི ༎ བདག་ཅག་ ནི་ དབུལ་ ཞིང་ མགོན་ མེད་པ་ ཡིན་ ནོ །,所以者何？王波斯匿者豐富大財，其業周普倉藏盈積。」,3
,,
། དེ་ ནས་ གྲོང་ཁྱེར་ གྱི་ དབུལ་པོ་ དེ ས་ པ་ སྐྱེ་བོ་ ཕལ་པོ་ཆེ་ དེ་ དག་ གིས་ ཡོངས་ སུ་ བསྐོར་ ཅིང་ ནོར་བུ་ རིན་པོ་ཆེ་ དེ་ ཁྱེར་ ནས་ རྒྱལ་པོ་ གསལ་རྒྱལ་ གྱི་ དོན་ བྱ་བ འི་ ས་ག་ ལ་བ་ དེ ར་ སོང་ ངོ་ ། །,於是，國貧須賴持是金珠已，與諸大眾圍繞周匝，詣王波斯匿。,4
དེ འི་ ཚེ་ རྒྱལ་པོ་ གསལ་རྒྱལ་ གྱིས་ ཀྱང་ ཚོང་དཔོན་ དང་ ། ཁྱིམ་ བདག་ རིགས་ དང་ ལྡན་པ འི་ མཆོག་ ལྔ་ བརྒྱ་ ཙམ་ ཞིག་ གཡོན་ ཆུང་ངུ འི་ ཕྱི ར་ བདོག་པ་ ཐམས་ཅད་ ཕྲོགས་ སོ ། །,當於爾時，王波斯匿以財寶故，收上族姓子五百長者，為之設罪欲薄其財義。,4
གྲོང་ཁྱེར་ གྱི་ དབུལ་པོ་ དེ ས་ པ ས་ ནོར་བུ་ རིན་པོ་ཆེ་ དེ་ རྒྱལ་པོ་ ལ་ ཕུལ་ ཏེ,於是國貧須賴，持是金珠詣王波斯匿。,4
རྒྱལ་པོ་ ཆེན་པོ་ ནོར་བུ་ རིན་པོ་ཆེ་ རིན་ཐང་ མ་ མཆིས་པ་ འཛམ་བུ་གླིང་ ཐམས་ཅད་ རི་བ་ བདག་ གིས་ རྙེད་པ་,詣已，便謂王言：「我行舍衛大城之中，得往古人瑞應金珠價直普世,4
འདི་ ལ་ བདག་ གིས་ འདི་ སྙམ་ དུ་ བསམས་ ཏེ ། མཉན་ ཡོད་ འདི་ ན་ ཐམས་ཅད་ ཀྱི་ ནང་ ན་ དབུལ་པོ་ གང་ ལགས་པ་ དེ་ ལ་ སྩལ་ ཏོ་ སྙམ་ མོ ། །,大王！我便生意，欲以是寶與極貧者。,5
དེ་ ལ་ བདག་ གིས་ འདི་ སྙམ་ དུ་ བསམས་ ཏེ ། ཁྱོད་ ནི་ འདི་ ན་ ཐམས་ཅད་ ཀྱི་ ནང་ ན་ དབུལ་པོ་ ལགས་ སོ་ སྙམ་ བགྱིད་ ཀྱིས །,以是故，大王！如我所憶念，是城中惟王極貧。,4
ཀྱེ་ ནོར་བུ་ རིན་པོ་ཆེ་ འདི་ བཞེས་ སུ་ གསོལ །,善哉大王！唯受是寶。」,5
དེ་ ནས་ རྒྱལ་པོ་ གསལ་རྒྱལ་ ཡུལ་ ཡུལ་པོ ར་ གྱུར་ ཅིང་ ངོ་ ཚ་བ ར་ གྱུར་ ནས་ གྲོང་ཁྱེར་ གྱི་ དབུལ་པོ་ དེ ས་ པ་ ལ་ འདི་ སྐད་ ཅེས་ སྨྲས་ སོ,於是，王波斯匿便有慚顏，謂國貧須賴言：,5
། དེས་པ་ ཅིང་ ཁྱོད་ པས་ ཀྱང་ ཆེས་ དབུལ་ ལམ །,「我貧於汝耶？」,4
དེས་པ ས་ སྨྲས་པ ། ལྷ་ དེ་ ལྟ་ ལགས་ ཏེ ། བདག་བ ས་ ཁྱོད་ ཆེས་ དབུལ་བ་ ལགས་ སོ ༎ རྒྱལ་ པོ ས་ སྨྲས་པ ། རྣམ་ གྲངས་ གང་ གིས་ དབུལ །,,
,,
། དེ་ ནས་ རྒྱལ་པོ་ གསལ་རྒྱལ་ སེམས་ འཁྲུགས་ ནས་ གྲོང་ཁྱེར་ གྱི་ དབུལ་པོ་ དེ ས་ པ་ ལ་ འདི་ སྐད་ ཅེས་ སྨྲས་ སོ ། ། དེས་པ་ དེ་ ལྟ ར་ ང་ ནི་ དབུལ་ ལ་ ཁྱོད་ ནི་ ཕྱུག་པ ར་ ཁྱོད་ ལ་ དཔང་ སུ་ ཡོད ། །,於是，王波斯匿謂國貧須賴言：「我貧於卿，誰當證是？」,4
དེས་པ ས་ སྨྲས་པ ། ལྷ་ དེ་བཞིན་གཤེགས་པ་ དགྲ་བཅོམ་པ་ ཡང་ དག་པ ར་ རྫོགས་པ འི་ སངས་རྒྱས་ མཉན་ཡོད་ འདི་ ན་ བཞུགས་པ་ ཁྱོད་ ཀྱིས་ མ་ གསན་ ཏམ ། རྒྱལ་པོ ས་ སྨྲས་པ ། ང ས་ མཐོང་ ཡང་ མ་ མཐོང་ ངོ་ །,大王不聞耶？如來、無所著、等正覺，一切知、一切現，所知審誠信立所證，審於一切諸世人阿須倫，遊於是舍衛大城。,4
རྒྱལ་པོ ས་ སྨྲས་པ ། ང ས་ མཐོང་ ཡང་ མ་ མཐོང་ ངོ་ ། །,「須賴！我亦曾聞見是者。」,3
དེས་པ ས་ སྨྲས་པ ། ལྷ་ དེ་ ནི་ ལྷ་ དང་ བཅས་པ འི་ འཇིག་རྟེན་ གྱི་ མིག་ ཏུ་ གྱུར་ ཅིང་ ཚད་མ ར་ གྱུར་པ་ སྟེ ། དེ་ ནི་ བདག་ གི་ དཔང་ ལགས་ སོ ། །,「大王！如來為我證王貧甚於我。」,4
རྒྱལ་པོ ས་ སྨྲས་པ ། སོང་ ལ་ དེ་བཞིན་གཤེགས་པ་ དེ་ སྤྱན་ དྲོངས་ ཤིག་ དང་ དེ ས་ ཇི་ སྐད་ དུ་ ལུང་ བསྟན་པ་ དེ་ བཞིན་ དུ་ ང ས་ གཟུང་བ ར་ བྱའོ །,「以是故，須賴當往問如來，如彼所決便當奉持。」,4
,,
,,
། དེ་ ནས་ གྲོང་ཁྱེར་ གྱི་ དབུལ་པོ་ དེ ས་ པ ས་ བཅོམ་ལྡན་འདས་ ཀྱི་ ཞབས་ ལ་ མགོ་བོ ས་ ཕྱག་ འཚལ་ ནས་ བཅོམ་ལྡན་འདས་ ལ་ ལན་ བདུན་ བསྐོར་བ་ བྱས་ ཏེ་ འདི་ སྐད་ ཅེས་ གསོལ་ ཏོ ། །,於是，國貧須賴叉手，白世尊言：,4
བཅོམ་ལྡན་འདས་ བདག་ མཉན་ཡོད་ འདི་ ན་ འཁྱམ་ ཞིང་ མཆིས་ མཆིས་པ་ ལས་ ནོར་བུ་ རིན་པོ་ཆེ་ རིན་ཐང་ མ་ མཆིས་པ་ ཞིག་ རྙེད་ ནས་,我行是舍衛大城中，得往古人瑞應金珠價直普世。,4
དེ་ ལ་ བདག་ འདི་ སྙམ་ བགྱིད་ དེ ། མཉན་ ཡོད་ འདི་ ན་ ཐམས་ཅད་ ཀྱི་ ནང་ ན་ དབུལ་པོ་ གང་ ལགས་པ་ དེ་ ལ་ སྩལ་ ཏོ་ སྙམ་ ནས་,以是故，世尊！於是城中若有貧者當以與之。,4
དེ་ ལ་ བདག་ འདི་ སྙམ་ བགྱིད་ དེ ། རྒྱལ་པོ་ གསལ་རྒྱལ་ འདི་ ནི་ ཐམས་ཅད་ ཀྱི་ ནང་ ནས་ ཆེས་ དབུལ་བ་ སྟེ །,世尊！我謂是舍衛城中，王波斯匿即是極貧。,5
འདི་ ནི་ ཕ་རོལ་ གྱི་ ནོར་ འཕྲོག་པ ར་ བགྱིད་པ ས་ ན་ ངོམས་ མ་ འཚལ་བ་ ལགས་ སོ ། །,侵剋他有不知厭足,5
སླ ར་ ཞིང་ དོན་ དུ་ གཉེར་ བ ར་ བགྱིད་པ ས་ ན་ ཆོག་ མ་ འཚལ་བ་ ལགས་ སོ ། །,貪於財寶不諦於誠實,3
གཞན་ གྱི་ ལོངས་སྤྱོད་ དག་ གིས་ ངོམས་ མ་ འཚལ་བ་ ལགས་ སོ ། །,,
གཞན་ གྱི་ ལོངས་སྤྱོད་ དག་ གིས་ ངོམས་ མ་ འཚལ་བ་ ལགས་ སོ ། །,,
སྡུག་བསྔལ་བ་ རྣམས་ ལ་ རྣམ་པ ར་ མཐོ་ འཚམ་པ་ ལགས་ སོ ། །,,
སྐྱིད་པ་ རྣམས་ ཐལ་མ ར་ འབྱིན་པ་ ལགས་ སོ ། །,,
དབུལ་པོ་ རྣམས་ རབ་ ཏུ་ ཕུང་བ ར་ བགྱིད་པ་ ལགས་ སོ ༎ ཕྱུག་པོ་ རྣམས་ ཚར་ གཅོད་པ་ ལགས་ སོ ། །,嬈惱下貧減損富有者，,5
ཤིན་ ཏུ་ རབ་ ཏུ་ མྱོས་པ་ ལགས་ སོ ། །,,
རྒྱལ་པོ འི་ ལོངས་སྤྱོད་ རྣམས་ དང་ སྲེད་པ ས་ རྣམ་པ ར་ བཅིངས་པ་ ལགས་ སོ་ སྙམ་ ནས་,專於王勢愛著色欲。,4
དེ་ ལ་ བདག་ གིས་ སྩལ་ ན་ ལེན་པ ར་ མི་ བགྱིད་པ ར,以是金珠與之，王不肯受,4
དི་ སྐད་ དུ་ དེ་ ལྟ ར་ ང་ ནི་ དབུལ་ ལ་ ཁྱོད་ ནི་ འབྱོར་བ ར་ ཁྱོད་ ལ་ དཔང་ སུ་ ཡོད་ ཅེས་ ཀྱང་ མཆིའོ ། །,問我：『以證我貧仁富？』,5
དེ འི་ སླད་ དུ་ བཅོམ་ལྡན་འདས་ སེམས་ཅན་ ཐམས་ཅད་ ལ་ ཐུགས་ སྙོམས་ པ ། ངོ་ཟློག་ གི་ སྤྱོད་པ་ མི་ མངའ་ བ ། ཐ་བ་ དང་ ། དྲི་མ་ དང་ ། ཁོང་ ཁྲོ་བ་ མི་ མངའ་ བ ། བཅོམ་ལྡན་འདས་ ཀྱིས་ དོན་ འདི་ ལེགས་པ ར་ ལུང་ བསྟན་པ ར་ གསོལ ། །,唯願如來、無所著、等正覺，以一切智、一切慧，所知審、為信審、為稱審，別為一證。善哉！世尊！等心於一切，去離貢高，無所偏黨，願說是義。」,4
བཅོམ་ལྡན་འདས་ ཀྱིས་ བཀའ་ སྩལ་པ ། རྒྱལ་པོ་ ཆེན་པོ་ ཁྱོད་ ནི་ ཚེ་ འདི འི་ རྒྱལ་སྲིད་ ཀྱི་ དབང་ ཕྱུག་ གི་ ལོངས་སྤྱོད་ གསེར་ དང་ ། ནོར་བུ་ དང་ ། མུ་ཏིག་ དང་ ། བཻ་ དཱུརྱ་ དང་ ། དུང་ དང་ ། མན་ཤེལ་ དང་ ། བྱི་རུ་ དང་ ། ས་ལེ་སྦྲམ་ དང་ ། དངུལ་ དང་ ། རྟ་ དང་ ། གླང་པོ་ཆེ་ དང་ ། ཤིང་ རྟ་ དང་ ། དཔུང་བུ་ཆུང་ དང་ ། བཞོན་པ་ དང་ ། མཛོད་ དང་ ། བང་ མཛོད་ ཐོབ་པ་ གང་ ཡིན་པ་ འདི་ དག་ གིས་ བདག་ ཕྱུག་ གོ་ སྙམ་ དུ་ སེམས་ སོ ། །,「所謂王業尊貴之利，營從金銀、珠玉、水精、琉璃、真珠、珊瑚、象馬、車乘、倉藏儲珍，以是因緣大王富於須賴。,4
རྒྱལ་པོ་ ཆེན་པོ་ དེ ས་ པ་ ནི་ སྦྱིན་པ་ དང་ ། དུལ་བ་ དང་ ། ལེགས་པ ར་ སྡོམ་པ་ དང་ ། བཟོད་པ་ དང་ ། དེས་པ་ དང་ ། ཚུལ་ ཁྲིམས་ དང་ ། བརྟུལ་ཞུགས་ དང་ ། དཀའ་ཐུབ་ དང་ ། བག་ ཡོད་པ་ དང་ ། སྦྱངས་པ འི་ ཡོན་ཏན་ དང་ ། ཡོ་བྱད་ བསྙུངས་པ་ ལ་ གནས་པ་ དང་ ། བྱམས་པ་ དང་ ། སྙིང་རྗེ་ དང་ ། དགའ་བ་ དང་ ། བཏང་སྙོམས་ ལ་ གནས་པ་ དང་ ། སངས་ རྒྱས་ དང་ ། ཆོས་ དང་ ། དགེ་འདུན་ ལ་ དང་ བ་ དང་ ། དད་པ་ དང་ ། ཚུལ་ ཁྲིམས་ དང་ ། ཐོས་པ་ དང་ ། གཏོང་བ་ དང་ ། ཤེས་ རབ་ དང་ ། ངོ་ ཚ་ ཤེས་པ་ དང་ ། ཁྲེལ་ ཡོད་པ་ དང་ ། བརྟན་པ་ དང་ ། སྡོམ་པ་ གང་ ཡིན་པ་,「若復大王！施與、戒、聞、捨、無著、閑居之德；慈悲喜護；禪定解脫三昧正受；信佛法眾堅固之志，直信慚愧有行,2
འདི་ དག་ གིས་ བདག་ ཕྱུག་ གོ་ སྙམ་ དུ་ སེམས་ སོ ། །,以是因緣，大王！須賴富於王。,4
རྒྱལ་པོ་ ཆེན་པོ་ ཁྱོད་ ཀྱི་ འོག་ ཏུ་ གཏོགས་པ འི་ སེམས་ཅན་ ཇི་ སྙེད་པ་ དེ་ དག་ འདི་ ལྟ ར་ ཁྱོད་ དང་ འདྲ་བ ར་ ནོར་ དང་ ལྡན་པ ར་ གྱུར་ ཀྱང,假令大王所部人民，財寶富有皆如大王,5
དེ་ དག་ ནི་ དེ ས་ པ ས་ གོམ་པ་ བདུན་ བོར་བ འི་ བར་ གྱི་ ཚུལ་ཁྲིམས་ དང་ ། ཐོས་པ་ དང་ ། བརྟུལ་ཞུགས་ དང་ ། དཀའ་ཐུབ་ དང་ ། བག་ ཡོད་པ འི་ བསོད་ནམས་ ཀྱི་ ཕུང་པོ འི་ བརྒྱ འི་ ཆ ར་ ཡང་ མི་ ཕོད་བ་ ནས་ དཔེ འི་ བར་ དུ་ ཡང་ མི་ བཟོད་ དོ ། །,以比此族姓須賴行七步中間戒、聞、施、智，百倍不及、千倍不及，巨億萬倍不得為比。」,4
གསལ་རྒྱལ་ གྱིས་ གསོལ་པ ། བཅོམ་ ལྡན་ འདས་ བདག་ཅག་ གི་ ཡུལ་ ན་ སེམས་ཅན་ ཡོན་ཏན་ གྱི་ ཆེ་བ་ ཉིད་ འདི་ ལྟ་བུ་ དང་ ལྡན་པ་ དག་ གནས་པ་ ནི་ བདག་ གིས་ རྙེད་པ་ ལེགས་པ ར་ རྙེད་ ལགས་ སོ ། །,於是，王波斯匿攝除貢高，白世尊言：「甚得善利安住，而我界內有是大士。」,4
བཅོམ་ལྡན་འདས་ ཀྱིས་ བཀའ་ སྩལ་པ ། རྒྱལ་པོ་ ཆེན་པོ་ ཁྱོད་ ཀྱི་ ཡུལ་ ན་ སེམས་ཅན་ ཡོན་ཏན་ གྱི་ ཆེ་བ་ ཉིད་ འདི་ ལྟ་བུ་ དང་ ལྡན་པ་ དག་ མང་ དུ་ གནས་ སོ །,世尊言：「如是，大王！如是，大王！王之界內有是大士。又復大王！又復多有餘大士，在王國界如須賴者。」,4
,,
,,
། དེ་ ནས་ བཅོམ་ལྡན་འདས་ ལ་ རིགས་ ཀྱི་ བུ་ དེས་པ ས་ འདི་ སྐད་ ཅེས་ གསོལ་ ཏོ །,於是，族姓子須賴即從坐起，更整衣服右膝著地，叉手白佛言：,2
ཅོམ་ ལྡན་ འདས་ སྐྱེ་བོ འི་ ཚོགས་ ཆེན་པོ་ འདུས་པ་ འདི་ ནི་ བཅོམ་ལྡན་འདས་ ལ་ ལྟ་བ ས་ ཆོག་ མ་ འཚལ་བ་ ལགས་ ན་ བཅོམ་ལྡན་འདས་ དེ འི་ སླད་ དུ་ ཅི་ ནས་ འདི་ དག་ གིས་ དེ་བཞིན་གཤེགས་པ་ མཐོང་བ་ དོན་ མཆིས་པ ར་ འགྱུར་བ་ དེ་ ལྟ་ དེ་ ལྟ ར་ འདི་ དག་ ལ་ ལེགས་པ ར་ ཆོས་ བསྟན་ དུ་ གསོལ །,「是諸大眾普會欲見如來。善哉！世尊！為是大眾如是說法，令是大眾不忘見佛。」,3
བཅོམ་ལྡན་འདས་ ཀྱིས་ བཀའ་ སྩལ་པ ། དེས་པ་ རིགས་ ཀྱི་ བུ་ ཆོས་ བཞི་ དང་ ལྡན་ ན་ དེ་བཞིན་གཤེགས་པ་ ལེགས་པ ར་ མཐོང་བ་ ཡིན་ ནོ ། །,佛告須賴言：「族姓子！有四法具足受持，若族姓子、族姓女見如來者，審見善見。,5
བཞི་ གང་ ཞེ་ ན ། ཡིད་ ཆེས་པ་ དང་ ། དད་པ་ དང་ ། ཕངས་པ ར་ འཛིན་པ་ དང་ ། གུས་པ་ སྟེ །,何謂四法？至心、愛心、悅心、敬心，是為四。,5
བཞི་པོ་ དེ་ དག་ དང་ ལྡན་ ན་ དེ་བཞིན་གཤེགས་པ་ ལེགས་པ ར་ མཐོང་བ་ ཡིན་ ནོ ། །,復有四法，族姓子、族姓女見佛甚潔淨,4
་ གཞན་ ཡང་ བཞི་ སྟེ །,,
བདག་མེད་པ འི་ ཕྱི ར་ བདག་ རྣམ་པ ར་ དག་པ་ དང་,淨於我離我故,5
སེམས་ཅན་ མེད་པ འི་ ཕྱི ར་ སེམས་ཅན་ རྣམ་པ ར་ དག་པ་ དང་,淨於眾生離眾生故,5
། སྲོག་ མེད་པ འི་ ཕྱི ར་ སྲོག་ རྣམ་པ ར་ དག་པ་ དང,淨於壽離壽故,5
། གང་ཟག་ མེད་པ འི་ ཕྱི ར་ གང་ཟག་ རྣམ་པ ར་ དག་པ་ སྟེ །,淨於命離命故,5
,以是四法具足，族姓子、族姓女見如來甚潔淨,
བཞི་པོ་ དེ་ དག་ དང་ ལྡན་ ན་ དེ་བཞིན་གཤེགས་པ་ ལེགས་པ ར་ མཐོང་བ་ ཡིན་ ནོ ། ། གཞན་ ཡང་ བཞི་ སྟེ་,「復有四。何謂四？,3
། ལྷ འི་ མིག་ མངོན་པ ར་ འདུ་བྱེད་པ་ དང,天眼無所作為,4
། ཤེས་ རབ་ ཀྱི་ མིག་ ཀུན་ ཏུ་ སྤྱོད་པ་ དང,慧眼無所著行,4
། ཆོས་ ཀྱི་ མིག་ གིས་ སོ་སོ ར་ རྟོག་པ་ དང,法眼如知所現,4
། སངས་ རྒྱས་ ཀྱི་ སྤྱན་ རྗེས་ སུ་ རྟོགས་པ ར་ བྱེད་པ་ སྟེ །,佛眼如審覺寤,4
,以是四法具足故，見如來甚潔淨。,
ཆོས་ ཐམས་ཅད་ མི་ དམིགས་པ འི་ ཕྱི ར་ ཚུལ་ཁྲིམས་ ཀྱི་ ཕུང་པོ་ ཡོངས་ སུ་ དག་པ་ དང,淨於戒品無所連著,4
ཆོས་ ཐམས་ཅད་ མཉམ་པ་ ཉིད་ ཀྱི་ ཕྱི ར་ ཏིང་ངེ་འཛིན་ གྱི་ ཕུང་པོ་ ཡོངས་ སུ་ དག་པ་ དང,淨於定品以諸法定故,4
འཇིག་རྟེན་ ལས་ འདས་པ འི་ ཡེ་ཤེས་ ཁོང་ དུ་ ཆུད་པ འི་ ཕྱི ར་ ཤེས་རབ་ ཀྱི་ ཕུང་པོ་ ཡོངས་ སུ་ དག་པ་ དང,淨於慧品以度世智等故,4
དེ འི་ རྣམ་པ ར་ གྲོལ་བ་ མཐོང་བ འི་ ཕྱི ར་ རྣམ་པ ར་ གྲོལ་བ འི་ ཡེ་ཤེས་ མཐོང་བ འི་ ཕུང་པོ་ ཡོངས་ སུ་ དག་པ་ སྟེ །,淨於解慧度智見品 善解脫 解脫無所度故,3
དེས་པ་ རིགས་ ཀྱི་ བུ་ ཆོས་ བཞི་པོ་ དེ་ དག་ དང་ ལྡན་ ན་ དེ་བཞིན་གཤེགས་པ་ ལེགས་པ ར་ མཐོང་བ་ ཡིན་ ནོ །,以是四法具足故，見如來甚潔淨。」,4
,當其說是四事次第法化時，七百弟子發意，以弟子乘而得解脫，具滿千眾生發無上正真道意。,
། དེ་ ནས་ བཅོམ་ལྡན་འདས་ ཀྱིས་ སྐྱེ་བོ འི་ ཚོགས་ ཆེན་པོ་ དེ་ དག་ ཆོས་ ཀྱི་ གཏམ་ གྱིས་ ཡང་ དག་པ ར་ དགའ་བ ར་ མཛད་ ནས་ དད་པ འི་ རྒྱལ་པོ་ ལྟ ར་ འཁོར་ དང་ བཅས་ ཏེ་ བར་སྣང་ ལ་ གཤེགས་ སོ ། །,於是，世尊為王波斯匿及諸大眾說是法教訓，皆令歡喜踊躍，便從坐起，與菩薩及諸大弟子，以神足力乘於虛空猶如鴈王，還到祇樹給孤獨園。,4
དེ་ ནས་ ཀོ་ས་ལ འི་ རྒྱལ་པོ་ གསལ་རྒྱལ་ གྱིས་ རིགས་ ཀྱི་ བུ་ དེས་པ་ ལ་ འདི་ སྐད་ ཅེས་ སྨྲས་ སོ ། །,於是，王波斯匿謂族姓子須賴言,5
དེས་པ་ ཁྱོད་ ནམ་ དེ་བཞིན་གཤེགས་པ་ ལ་ ལྟ ར་ འགྲོ་བ་ དེ འི་ ཚེ་ ཁོ་བོ་ ལ་ ཡང་ སྦྲོན་ ཅིག་ དང་ ། ཁོ་བོ་ ཡང་ དེ་བཞིན་གཤེགས་པ་ ལ་ ལྟ ར་ འགྲོའོ ། །,「若如仁者詣如來時，願見告勅，己欲侍從可爾？」,5
དེས་པ ས་ སྨྲས་པ ། རྒྱལ་པོ་ ཆེན་པོ་ དེ་ ལྟ ར་ བགྱིའོ ༎ བདག་ ནི་ ཁྱོད་ བུད་མེད་ དང་ ། གཞོན་ནུ་ དང་ ། བློན་པོ་ ལ་ སོགས་པ འི་ འཁོར་ དང་ བཅས་ ཏེ་ དེ་བཞིན་གཤེགས་པ་ ལ་ གཟིགས་ སུ་ གཤེགས་པ ར་ འཚལ་ ལོ །,時王亦願大王後宮婇女及諸大臣，大眾圍繞俱往見佛。,4
,於是舍衛大城之中，立普施限，不詣佛者，使有過讁。,
། རྒྱལ་པོ་ ཆེན་པོ་ བྱང་ཆུབ་སེམས་དཔའ་ རྣམས་ ནི་ བདག་ གཅིག་པུ་ ལ་ ཕན་པ འི་ ཕྱི ར་ ཞུགས་པ་ མ་ ལགས་ ཏེ །,又復，大王！菩薩立行不獨為己故,5
བྱང་ཆུབ་སེམས་དཔའ་ རྣམས་ ནི་ འཁོར་ ཕལ་ ཆེ་ ན་ མཛེས་ སོ །,菩薩立行欲安一切眾生故,3
,又復，大王！菩薩不以一人、二人故而發道意，大聚大眾以為將從於是顯好。,
དེས་པ་ བྱང་ཆུབ་སེམས་ དཔ འི་ འཁོར་ གང་ ཡིན །,「何謂菩薩之將從？」,4
,,
,,
། དེ་ ནས་ རྒྱལ་པོ་ གསལ་རྒྱལ་ དགའ་ ཞིང་ མགུ་ ལ་ ཡི་ རངས་ ཏེ ། རབ་ ཏུ་ དགའ་ ཞིང་ དགའ་བ་ དང་ ཡིད་བདེ་བ་ སྐྱེས་ ནས་ རྒྱལ་པོ་ ལ་ འོས་པ འི་ རས་ བཅོས་བུ་ ཟུང་ སྟོང་,於是，王波斯匿聞是說已，歡喜踊躍，善心生焉，以好名衣上服若干色綵，其價百千奉上須賴：,4
ཆོས་ ལ་ དགབ་པ འི་ ཕྱི ར་ དེས་པ་ ལ་ བྱིན་ ནོ ། །,「供養法故，以法故受。」,3
དེས་པ ས་ སྨྲས་པ ། རྒྱལ་པོ་ ཆེན་པོ་ བདག་ ལ་ བཀུར་སྟི་ དང་ མཆོད་པ་ མཛད་པ ས་ འཚལ་ ཏོ ། །,彼不肯受而說是言：「止！止！大王！是王所服。,3
གང་ གིས་ བདག་ ལ་ འཚལ་བ ར་ འགྱུར་བ འི་ གོས་ རས་ རུལ་བ འི་ དུམ་བུ་ བརྒྱ་ བཙེམས་པ,「所以者何？我自有弊服補納之衣。,4
བདག་ ནི་ བདག་ གི ར་ འཛིན་པ་ དང་ བཅས་ ཤིང་ ཡོངས་ སུ་ འཛིན་པ་ དང་ བཅས་པ འི་ གོས་ རྣམས་ མི་ འཚལ་ ལོ ། །,,
རྒྱལ་པོ་ ཆེན་པོ་ དཔྱིད་ ཀྱི་ དུས་ ན་ རས་ རུལ་པ འི་ དུམ་བུ འི་ གོས་ འདི་ ཤིང་ གི་ ཡལ་ག་ ལ་ བཀལ་ ཏེ་ དགུང་ གཅིག་ གམ ། དགུང་ གཉིས་ སམ ། དགུང་ བཅུ་ འམ ། དགུང་ བརྒྱ ར་ མཆིས་ ཀྱང་ དེ་ ལ་ སུ་ ཡང་ ལེན་པ་ མ་ མཆིས་ ཤིང་ དེ་ ལ་ སུ་ ཡང་ ཆགས་པ འི་ སེམས་ སྐྱེད་པ་ མ་ མཆིས་ ཏེ ། བདག་ ཀྱང་ དེ་ བོར་ ནས་ མི་ ལྟ་བ ར་ མཆི་བ འི་ དུས་ དེ་ མཆིས་ སོ ། །,有時，大王，我之此弊衣，掛樹一日或至七夜，無有取者亦無貪者，我起遊行無顧惜意。又令彼不貪。,3
རྒྱལ་པོ་ ཆེན་པོ་ བདག་ ནི་ བདག་ གི ར་ འཛིན་པ་ དང་ ། ཡོངས་ སུ་ འཛིན་པ་ དང་ བཅས་པ འི་ གོས་ རྣམས་ མི་ འཚལ་ ལོ ། ། རྒྱལ་པོ་ ཆེན་པོ་ བྱང་ཆུབ་སེམས་ དཔ ས་ ནི་ གང་ ལ་ བདག་ ཉིད་ ཀྱང་ འདོད་པ་ སྤོང་བ ར་ འགྱུར་ ཞིང་ གཞན་ ཡང་ འདོད་པ་ སྐྱེད་པ ར་ མི་ འགྱུར་བ་ དེ་ ལྟ་བུ འི་ གོས་ བཅད་པ ར་ བགྱིའོ །,「以是故，大王！凡衣服者但以蓋形，使已無著意又令彼不貪。」,3
དེས་པ་ གལ་ ཏེ་ དེ་ ལྟ ར་ རས་ བཅོས་བུ་ ཟུང་ འདི་ དག་ ཁྱོད་ མི་ ལེན་ ན་ ཁོ་བོ་ ལ་ སྙིང་ བརྩེ་བ འི་ ཕྱི ར་ རྐང་པ ས་ རྫིས་ ཤིག་ །,「如汝須賴不受是衣者，願以足履，令我長夜得福安隱。」,4
དེས་པ ས་ ལྷ་ དེ་ བཞིན་ དུ་ བགྱི འོ་ ཞེས་ སྨྲས་ ནས,,
རས་ བཅོས་བུ་ ཟུང་ དེ་ དག་ ལ་ རྐང་པ ས་ བརྫིས་ ཏེ་ སོང་ ངོ་ །,於是，族姓子須賴使足蹈是名服百千價衣,4
,慈愍於王波斯匿故。,
དེས་པ་ རས་ བཅོས་བུ་ ཟུང་ ཁྱོད་ ཀྱི་ རྐང་པ འི་ དམན་མ ར་ གྱུར་པ་ འདི་ རྣམས་ ཇི་ ལྟ ར་ བྱ །,是之名服，仁以足蹈，何置之？」,4
རྒྱལ་པོ་ ཆེན་པོ་ སེམས་ཅན་ དབུལ་པོ་ གཅེར་བུ་ གོས་ མ་ མཆིས་པ་ གང་ ལགས་པ་ དེ་ དག་ ལ་ སྩོལ་ ཅིག་ །,大王！是之名服，舍衛城中有諸貧窮孤獨，可以與之。,4
རྒྱལ་པོ ས་ དེས་པ་ དེ་ ལྟ ར་ བྱ འོ་ ཞེས་ སྨྲས་ ནས་ རྒྱལ་པོ འི་ མི་ རྣམས་ ལ་ བསྒོ་ སྟེ ། དེ་ དག་ གིས་ ཀྱང་ ཇི་ སྐད་ བསྒོ་བ་ བཞིན་ དུ་ བྱས་ སོ །,於是，王波斯匿勅其左右卿等持衣，往於是舍衛城中，有諸貧窮孤獨羸老便以與之。,4
,「唯然，大王！」,
། རས་ བཅོས་བུ་ ཟུང་ དེ་ དག་ དབུལ་པོ་ དེ་ དག་ གིས་ བགོས་ མ་ ཐག་ ཏུ་ འདི་ སྙམ་ དུ་ སེམས་ བསྐྱེད་ དེ །,國中若干眾人及諸貧窮者，聞王波斯匿以百千價衣若干種色與須賴已，而以惠施。城內、城外普來集聚於舍衛城，百千億眾生皆適得是百千價服已，皆服著之。適服著已，善心生焉：,3
བདག་ཅག་ གིས་ དེས་པ་ ལ་ ཇི་ ལྟ ར་ ལན་ གླན་པ ར་ བྱ་ སྙམ་པ་ ལས་,我當以何等報是須賴而為供養？,4
སངས་རྒྱས་ ཀྱི་ བྱིན་ གྱིས་ བརླབས་ དང་ ། དེས་པ འི་ སྨོན་ལམ་ གྱི་ སྟོབས་ ཀྱིས་ དེ་ དག་ གིས་ བར་སྣང་ ལས་ ཚིགས་ སུ་ བཅད་པ་ འདི་ དག་ ཐོས་ སོ །,承佛威神又須賴所建立，便於空中而現聲言,5
,,
,,
། དེ་ ནས་ དུས་ གཞན་ ཞིག་ ན་ རིགས་ ཀྱི་ བུ་ དེས་པ་ དང་ ། རྒྱལ་པོ་ གསལ་རྒྱལ་ བཙུན་མོ འི་ འཁོར་ དང་ བཅས ། བློན་པོ་ དང་ བཅས ། འཁོར་ དང་ བཅས་པ་ དང་ ། མཉན་ ཡོད་ ཀྱི་ སྐྱེས་པ་ དང་ ། བུད་ མེད་ དང་ ། ཁྱེའུ་ དང་ ། བུ་མོ་ དང་ ། སྲོག་ ཆགས་ བརྒྱ་ ཕྲག་ མང་པོ་ དག་ བཅོམ་ལྡན་འདས་ བལྟ་བ འི་ ཕྱི ར་ དོང་ ངོ་ ། །,於是，族姓子須賴便從坐起，與王波斯匿俱后宮、婇女、臣吏、大眾、人眾圍遶前後，出舍衛城行詣祇樹給孤獨園,4
དེ་ ནས་ མཉན་ཡོད་ དང་ རྒྱལ་བུ་ རྒྱལ་བྱེད་ ཀྱི་ ཚལ་ གྱི་ བར་ དུ་ ལྷ འི་ དབང་པོ་ བརྒྱ་བྱིན་ གྱིས་ འཁོར་ གྱི་ ཁྱམས་ ཆེན་པོ་ བཀྲ་བ་ བལྟ་ ན་ སྡུག་པ་ ཡངས་ ཤིང་ མཐོ་ ལ་ རྒྱན་ ཐམས་ཅད་ ཀྱིས་ བརྒྱན་པ་ འདི་ ལྟ་ སྟེ་ དཔེ ར་ ན་ སུམ་ ཅུ་ རྩ་ གསུམ་ གྱི་ ལྷ་ རྣམས་ ཀྱི་ ཁང་ བཟངས་ རྣམ་པར་རྒྱལ་བ་ ལྟ་བུ་ ཞིག་ སྤྲུལ་ ཏེ །,以佛威神，釋提桓因從舍衛城至給孤獨園，於其中間化作場地，廣普雜綵妙好如忉利天晝度之宮，若干校飾。,4
དབུས་ སུ་ ཤིང་ ཡོངས་ འདུས་ བརྟོལ་ སྤྲུལ་ ཏོ །,又化若干種寶樹，,
ཡོངས་ འདུས་ བརྟོལ་ གྱི་ དྲུང་ དུ་ ཡང་ བཅོམ་ལྡན་འདས་ ཀྱི་ གདན་ སེང་གེ འི་ ཁྲི,於樹下化作師子座,4
བཀྲ་བ་ བལྟ་ ན་ སྡུག་ ཅིང་ ཆུ་ ཞེང་ གབ་པ་ ལ་ ལྷ འི་ རས་ བཅོས་བུ་ བརྒྱ་ སྟོང་ དུ་ མ་ བཏིང་བ་ མངོན་པ ར་ སྤྲུལ་ ཏོ ། །,高妙堅固高千肘，以若干百千天繒敷其上文繡雜綵。,4
ལྷ་མ་ཡིན་ གྱི་ བུ་མོ་ བདེ་ སོགས་ ལ་ སོགས་པ་ ལྷ འི་ བུ་མོ་ ཁྲི་ ཉིས་ སྟོང་ ཡང་ མེ་ཏོག་ དང་ ། བདུག་པ་ དང་ ། སྤོས་ དང་ ། མེ་ཏོག་ ཕྲེང་ དང་ ། བྱུག་པ་ དང་ ། ལྷ འི་ ཙན་དན་ གྱི་ ཕྱེ་ མ་ དག་ ཁྱེར་ ནས་ སིལ་སྙན་ དང་ ། ཕེག་ རྡོབ་པ་ དག་ བྱེད་ ཅིང་ དེ ས་ པ འི་ གཡོག་ བྱ་བ འི་ ཕྱི ར་ བཅོམ་ལྡན་འདས་ ཀྱི་ སེང་གེ འི་ ཁྲི་ བརྒྱན་པ ར་ བྱེད་ དོ །,阿須倫女、首耶之后、萬玉女俱而侍衛，皆持天華、天香、鼓樂、絃歌，供養如來師子之座，已為供養。,4
དེ་ ནས་ བཅོམ་ལྡན་འདས་ ཀྱིས་ སྐྱེ་བོ འི་ ཚོགས་ ཆེན་པོ་ དེ་ དག་ འོང་བ ར་ ཐུགས་ སུ་ ཆུད་ ནས་ གཙུག་ལག་ཁང་ ནས་ བྱུང་ སྟེ་ བྱང་ཆུབ་སེམས་དཔའ་ དང་ ། ཉན་ ཐོས་ རྣམས་ ཀྱིས་ ཡོངས་ སུ་ བསྐོར་ ཅིང་ གདན་ བཤམས་པ་ ལ་ བཞུགས་ སོ །,於是，世尊知眾人已會，與諸菩薩及大弟子，出於祇樹行詣於嚴淨師子座。詣已，於師子座結跏趺坐。,4
,於是釋提桓因子瞿或在會中坐，於是瞿或天子化作六萬座，天所化已，請諸菩薩使各詣坐，便說偈言：,
,唯坐諸淨，士於是坐，座是善本，疾得佛座。,
,諸菩薩愍瞿或天子故，便坐其座。,
། དེ་ ནས་ དྲི་ ཟ འི་ བུ་ གཙུག་ ཕུད་ ལྔ་པ ས་ ལྷ འི་ བུ་མོ་ ཉི་འོད་ ལ་ སྨྲས་པ །,於是般若識乾執樂王子，謂日光玉女言：,５
བཟང་མོ་ ཚུ ར་ ཤོག་ ། དེས་པ འི་ གཡོག་ བྱ་བ འི་ ཕྱི ར་ རྒྱུད་ ཀྱི་ སྒྲ་ དང་ ། གླུ འི་ སྒྲ་དབྱངས་ ཀྱིས་ དེ་བཞིན་གཤེགས་པ་ ལ་ མཆོད་པ ར་ བྱའོ ། །,汝往與是五百天樂俱，同音歌歎佛德，俱供養世尊師子之座，,４
དེ་ ནས་ ལྷ འི་ བུ་མོ་ ཉི་འོད་ ཀྱིས་ ལྷ འི་ བུ་མོ་ ལྔ་ བརྒྱ་ ཙམ་ དང་ ཐབས་ ཅིག་ ཏུ་ རྒྱུད་ ཀྱི་ སྒྲར་ སྦྱར་ བ འི་ ཚིགས་ སུ་ བཅད་པ་ དག་ གིས་ བསྟོད་ པ །,於是日光玉女、般若識乾執樂王子之后、作五百樂，往詣如來已，皆稽首佛足，手執樂器，皆同一音歎世尊德，而歌頌曰：,３
,,
,,
དེ་ ནས་ རིགས་ ཀྱི་ བུ་ དེས་པ་ སྐྱེ་བོ འི་ ཚོགས་ ཆེན་པོ་ དེ་ དག་ གིས་ ཡོངས་ སུ་ བསྐོར་ ནས་ བཅོམ་ལྡན་འདས་ ག་ལ་བ་ དེ ར་ སོང་ སྟེ་ ལྷགས་ ནས་ བཅོམ་ལྡན་འདས་ ཀྱི་ ཞབས་ ལ་ མགོ་བོ ས་ ཕྱག་ འཚལ་ ཏེ་ ཕྱོགས་ གཅིག་ ཏུ་ འདུག་ གོ་,於是，族姓子須賴與王波斯匿及王後宮，與諸大眾眷屬圍遶，諸天百千之所歌歎，行詣世尊已，稽首世尊足，於一面住。王波斯匿稽首如來足，各繞三匝於一面住。,4
དེ་ ནས་ རྒྱལ་པོ་ གསལ་རྒྱལ་ གྱིས་ རིགས་ ཀྱི་ བུ་ དེས་པ་ ལ་ ཁྲིའུ་ སྟན་ བཟང་པོ་ བདག་ ཉིད་ ཀྱིས་ བྱིན་ ཏེ་,於是，王波斯匿以其仁座而讓須賴，,4
དི་ ལ་ འདུག་ ཅིག་ ཅེས་ བྱས་ ནས,而說此言：「唯族姓子！垂恩矜愍坐此仁座。」,4
འདུག་ ཅིག་ ཅེས་ བྱས་ ནས་ རིགས་ ཀྱི་ བུ་ དེས་པ་ ཁྲིའུ་ སྟན་ བཟང་པོ་ དེ་ ལ་ འདུག་ གོ་ །,須賴便坐於彼仁座。,4
རྒྱལ་པོ་ གསལ་རྒྱལ་ འཁོར་ དང་ བཅས་པ་ ཡང་ བཅོམ་ལྡན་འདས་ ཀྱི་ ཞབས་ ལ་ མགོ་བོ ས་ ཕྱག་ འཚལ་ ནས་ རང་ རང་ གི་ སྟན་ ལ་ འཁོད་ དོ །,王波斯匿稽首如來足，各繞三匝於一面住。,3
དེ་ ནས་ ལྷ འི་ བུ་ གང་ དག་ གིས་ རིགས་ ཀྱི་ བུ་ དེས་པ་ སྔོན་མ་ མཐོང་བ་ དེ་ དག་ འདི་ སྐད་ དུ,於是眾中，有諸天子未見須賴者，,5
དབུལ་པོ་ གོ ས་ ངན་པ་ གྱོན་པ་ འདི་ ལ་ འདི་ ལྟ་བུ ར་ མཆོད་པ་ བྱེད་ དོ་ ཞེས་ འཛེར་ ཏོ ། །,見是貧人有何功德，為王見敬乃如是耶？,4
དེ་ ནས་ ལྷ འི་ དབང་པོ་ བརྒྱ་བྱིན་ གྱིས་ ལྷ འི་ བུ་ དེ་ དག་ ལ་ འདི་ སྐད་ ཅེས་ སྨྲས་ སོ ། །,於是釋提桓因知諸天子意，謂諸天子言：,5
གྲོགས་པོ་ དག་ འདི་ ལ་ བརྙས་པ ར་ མ་ བྱེད་ ཅིག་,莫起慢意於是仁者,5
,而令諸仁功德損減長夜不安。,
རིགས་ ཀྱི་ བུ་ འདི་ ཡོན་ཏན་ གྱི་ ཆེ་བ་ ཉིད་ ཇི་ སྙེད་པ་ དང་ ལྡན་པ་ དེ་ ནི་ ཁོ་བོ འི་ མངོན་སུམ་ དུ་ གྱུར་ ཏོ ། །,我其審諦是族姓子大功德善法充滿。,5
གྲོགས་པོ་ དག་ ཁྱེད་ རེ་ ཤིག་ སྡོད་ ཅིག་ དང་ ། རིགས་ ཀྱི་ བུ་ འདི འི་ ཡོན་ཏན་ གྱི་ བཀོད་པ་ མཐོང་བ ར་ འགྱུར་ རོ །,又諸天子且待須臾，觀其功德善法具足。,4
དེ་ ནས་ རིགས་ ཀྱི་ བུ་ དེ ས་ པས་ ལྷ འི་ བུ་ དེ་ དག་ གི་ བསམ་པ་ རྟོགས་ ནས་ བཅོམ་ལྡན་འདས་ ལ་ འདི་ སྐད་ ཅེས་ གསོལ་ ཏོ,於是族姓子須賴，欲悅諸天子意，便白佛言,5
བཅོམ་ལྡན་འདས་ བྱང་ཆུབ་སེམས་དཔའ་ རྣམས་ ཀྱི་ སེམས་ཅན་ ཡོངས་ སུ་ སྨིན་པ ར་ བགྱི་བ འི་ བཀོད་པ འི་ ཐབས་ དང་ ། ཡེ་ ཤེས་ ཀྱི་ བཀོད་པ འི་ ཐབས་ བཅོམ་ལྡན་འདས་ ཀྱིས་ བཤད་ དུ་ གསོལ །,唯然，世尊！現說菩薩大士濟度眾生之嚴好，智之嚴好，示現嚴好，具足充滿，疾成無上正真之道。,4
དེ་ ནས་ བཅོམ་ལྡན་འདས་ ཀྱིས་ སྐུ་ ལས་ འོད་ ཕྱུང་ སྟེ,是時，世尊以如是像放身光明照須賴身。,4
འོད་ དེ ས་ དེས་པ འི་ ལུས་ ལ་ རེག་ ནས་ ལྷ འི་ དབང་པོ་ བརྒྱ་བྱིན་ གྱི་ གཟུགས་ ཀྱི་ ལུས་ ཡོངས་ སུ་ གྲུབ་པ་ ཅི་ འདྲ་བ་ དེ་ ལས་ འབུམ་ གྱུར་པ ས་ ཀྱང་ ཆེས་ ལྷག་པ ར་ གྱུར་ ཏོ །,適觸身已，族姓子須賴蒙佛光明，是時須賴身逾釋提桓因數千萬倍，須賴之身姝好如是。,4
དེ་ ནས་ ལྷ འི་ བུ་ དེ་ དག་ ཡ་མཚན་ དུ་ འཛིན་པ ར་ གྱུར་ ཏེ །,於是諸天子見須賴身姝好如是，甚大歡喜便禮須賴，,4
དེས་པ་ ལ་ མེ་ཏོག་ དག་ གིས་ གཏོར་ ཏོ །,而以天華散敬其上。,4
དེ་ ནས་ བཅོམ་ལྡན་འདས་ ཀྱིས་ རིགས་ ཀྱི་ བུ་ དེས་པ་ ལ་ བཀའ་ སྩལ་པ,於是，世尊告族姓子須賴言,5
། དེ་ ནས་ བཅོམ་ལྡན་འདས་ ཀྱིས་ རིགས་ ཀྱི་ བུ་ དེས་པ་ ལ་ བཀའ་ སྩལ་པ ། དེས་པ་ གང་ གི་ ཚེ་ བྱང་ཆུབ་སེམས་དཔའ་ རྡོ་རྗེ་ ལྟ་བུ འི་ མཐུ་ ལ་ གནས་པ འི་ ཚེ་ ཡང་ སེམས་ཅན་ ཡོངས་ སུ་ སྨིན་པ ར་ བྱ་བ འི་ ཕྱི ར་ དམན་པ ར་ སྟོན་ ཅིང་ དམན་པ འི་ མཐུ་ ལ་ གནས་ ཀྱང་ སེམས་ཅན་ ཡོངས་ སུ་ སྨིན་པ ར་ བྱ་བ འི་ ཕྱི ར་ མཆོག་ ཏུ་ སྟོན་པ ར་ བྱེད་པ་ འདི་ ནི་ དེ འི་ བཀོད་པ་ ཡིན་ ནོ ། །,於是，世尊告族姓子須賴言：「菩薩處貴而現卑賤，欲度人故，是則名曰智之嚴淨。,2
ཡེ་ཤེས་ ལ་ གནས་ ཀྱང་ མི་ ཤེས་པ ར་ སྟོན་ ཅིང་ མི་ ཤེས་པ ར་ སྟོན་ ཀྱང་ ཤེས་པ ར་ སྣང་བ་ འདི་ ནི་ དེ འི་ བཀོད་པ་ ཡིན་ ནོ ། །,,2
ཡེ་ཤེས་ མ་ ཐོབ་པ་ རྣམས་ ལ་ ཡང་ ལུས་ ཀྱི་ སྤྱོད་པ་ དང་ ། སྤྱོད་ ལམ་ གྱིས་ དད་པ་ སྐྱེད་པ ར་ བྱེད་ ཅིང་ ཡེ་ཤེས་ ཐོབ་པ་ རྣམས་ ལ་ ཡང་ སྤྱོད་པ་ ཐམས་ཅད་ ཡང་དག་པ ར་ སྟོན་པ ས་ རྫུ་འཕྲུལ་ སྟོན་པ ར་ བྱེད་པ་ འདི་ ནི་ དེ འི་ བཀོད་པ་ ཡིན་ ནོ ། །,而以威儀悅可眾生，可眾生已便現其行久現神通，是智嚴淨。,3
རྟག་ ཏུ་ སེམས་ ལ་ དབང་ བྱེད་པ ས་ ངན་ ཅིང་ དབུལ་བ ར་ སྟོན་ ཀྱང་ ཚངས་པ ས་ ཀྱང་ མཆོད་པ་ དང་ ། མཆོག་ གི་ བཀོད་པ་ ལ་ གནས་ ཀྱང་ སྐྱེ་བོ་ ཕལ་ གྱིས་ ཀྱང་ མཆོད་པ་ འདི་ ནི་ དེ འི་ བཀོད་པ་ ཡིན་ ནོ །,又，族姓子！菩薩大士意得自在示現極貧，為諸梵志諸人所敬，是為嚴淨。,
,是為須賴！是菩薩淨於眾生 智慧嚴淨 精進嚴淨 之具足也，疾成無上正真之道。」,
,,
། དེ་ ནས་ བཅོམ་ལྡན་འདས་ ལ་ ཚེ་ དང་ ལྡན་པ་ ཀུན་དགའ་བོ ས་ འདི་ སྐད་ ཅེས་ གསོལ་ ཏོ ། །,於是，阿難白世尊言：,5
བཅོམ་ལྡན་འདས་ རིགས་ ཀྱི་ བུ་ དེ ས་ པས་ ཇི་སྲིད་ ཅིག་ ནས་ བྱང་ཆུབ་ ཀྱི་ ཕྱི ར་ སྤྱད་པ་ བགྱིས་ ལགས །,「是族姓子發行已來久遠,4
,云何而為如來所光飾乃如是乎？」,
རིགས་ ཀྱི་ བུ་ དེས་པ་ ནི་ སངས་རྒྱས་ བྱེ་བ་ མང་པོ་ ལ་ བསྙེན་བཀུར་ བྱས་ པ །,「是族姓子，阿難！往世具足多供養諸佛數億百千,4
སྔོན་ གྱི་ ཚུལ་ ཕུན་སུམ་ཚོགས་པ །,行諸度無極所行之行,4
མངོན་པ ར་ ཤེས་པ ས་ རྣམ་པ ར་ རྩེ་བ ར་ བྱས་པ །,而以神通用為娛樂,4
བཟོད་པ་ གསུམ་ ཐོབ་པ,已得三忍,5
སྤོབས་པ་ ཐོབ་ པ །,已得應辯,５
སེམས་ཅན་ ཡོངས་ སུ་ སྨིན་པ ར་ བྱ་བ་ ལ་ མཁས་པ་ སྟེ ། ངན་ ཅིང་ དབུལ་བ ས་ སེམས་ཅན་ རྣམས་ འདུལ་བ ར་ བྱེད་ དོ །,以方便善度眾生，故示現極貧。,４
འདི ས་ ངན་ ཅིང་ དབུལ་བ་ འདི ས་ སེམས་ཅན་ ཇི་ སྙེད་ ཅིག་ བཏུལ་ ལགས,族姓子須賴示現貧行以度眾生，其數幾如？,4
བཅོམ་ལྡན་འདས་ ཀྱིས་ བཀའ་ སྩལ་པ ། ཀུན་དགའ་བོ་ ལྷ འི་ བུ་ འབུམ་ ཕྲག་ མང་པོ་ དག་ བླ་ ན་ མེད་པ་ ཡང་ དག་པ ར་ རྫོགས་པ འི་ བྱང་ཆུབ་ ཏུ་ ཡོངས་ སུ་ སྨིན་པ ར་ བྱས་ ཏེ ། མི་ རྣམས་ ཀྱང་ དེ་ དང་ འདྲའོ །,世尊告曰阿難：「欲天七千、色天萬二千，皆發無上正真道意，度世人無數發道意者及生善處。」,3
འདི་ ཇི་སྲིད་ ཅིག་ ན་ ནི་ བླ་ ན་ མེད་པ་ ཡང་ དག་པ ར་ རྫོགས་པ འི་ བྱང་ཆུབ་ མངོན་པ ར་ རྫོགས་པ ར་ འཚང་ རྒྱ་བ ར་ འགྱུར །,久如當成無上正真之道？,5
མིང་ ནི་ ཇི་ སྐད་ ཅེས་ བགྱི་བ་ ཞིག་ ཏུ་ འགྱུར་ ལགས །,得道之時名號云何？,5
འདི འི་ སངས་རྒྱས་ ཀྱི་ ཞིང་ གི་ བཀོད་པ་ རྣམས་ ནི་ ཅི་ འདྲ་བ་ ཞིག་ ཏུ་ འགྱུར །,其佛世界嚴淨何類？」,4
,於是，世尊欲歎族姓子須賴國土嚴淨，便說偈言：,
དེ་ ནས་ བཅོམ་ལྡན་འདས་ ཀྱིས་ ཚེ་ དང་ ལྡན་པ་ ཀུན་དགའ་བོ་ ལ་ ཚིགས་ སུ་ བཅད་ དེ་ བཀའ་ སྩལ་ པ །,,
,,
། བཅོམ་ལྡན་འདས་ ཀྱིས་ རིགས་ ཀྱི་ བུ་ དེ ས་ པ འི་ ལུང་ བསྟན་པ་ བཤད་ མ་ ཐག་ ཏུ་ དེ་ ནས་ དེ འི་ ཚེ་ སྟོང་ གསུམ་ གྱི་ སྟོང་ ཆེན་པོ འི་ འཇིག་རྟེན་ གྱི་ ཁམས་ རྣམ་པ་ དྲུག་ ཏུ་ གཡོས་ ཏེ ༎ ལྷ འི་ མེ་ཏོག་ དང་ ། ཕྱེ་ མ་ དང་ ། གོས་ དང་ ། རྒྱན་ གྱི་ ཆར་ ཡང་ མངོན་པ ར་ བབ་ བོ ། ། ཐམས་ཅད་ དང་ ལྡན་པ འི་ འཁོར་ གྱིས་ ཀྱང་ རང་ རང་ གི་ གོས་ རྣམས་ རིགས་ ཀྱི་ བུ་ དེས་པ་ ལ་ བཀབ་ བོ །,當為族姓子須賴解說決時，一切眾會各各以衣覆須賴上，勸助之聲三千大千世界莫不普知。,4
,以其勸助之聲，無量無數諸天、龍、鬼、乾沓和、阿須倫、迦留羅、真陀羅、摩休勒、人及非人，應聲皆至聚會而坐，供養族姓子須賴。世尊亦為是等，以是法化因緣種種說法，皆令諦解於三乘行。,
,於是，王波斯匿住世尊前，叉手白世尊：「我狂醉王位，狂醉財業，狂醉榮貴，狂醉庫藏金銀倉穀，慳貪無厭，逼迫眾生以為國財。,
,如我，世尊！世世以如是像處位施行之法化，皆從族姓子須賴聞已，我為極貧須賴所決。,
,今於世尊前捨置於國，以琉璃太子立為王子，當奉戒當許身，為世尊及諸眾僧守園給使。,
,所有財寶當為三分：一分、於佛前奉上眾僧；二分、與諸貧窮孤獨；三分、以為王事之儲。,
,於是會中五百長者、五百居士、五百梵志、五百臣吏，聞王波斯匿作如是像師子之吼，皆發無上正真道意，捨家財業，欲於世尊之化捨家入道。置中三百人，其餘皆現為比丘僧，已除鬚髮服著袈裟。,
། དེ་ ནས་ བཅོམ་ལྡན་འདས་ ལ་ དེ ས་ པ ས་ འདི་ སྐད་ ཅེས་ གསོལ་ ཏོ ། ། བདག་ ཀྱང་ ལེགས་པ ར་ གསུངས་པ འི་ ཆོས་འདུལ་བ་ ལ་ རབ་ ཏུ་ དབྱུང་བ ར་ གསོལ །,於是，族姓子須賴即從坐起，更整衣服，右膝著地，向世尊叉手，白佛言：「願從世尊及十方現在諸佛受捨於家。」,3
,於是，族姓子須賴稽首十方諸佛世尊，而發願言：「諸佛世尊聽許入道。」,
། དེ་ ནས་ བཅོམ་ལྡན་འདས་ ཀྱིས་ རིགས་ ཀྱི་ བུ་ དེ ས་ པ འི་ མགོ་བོ་ ལ་ ཕྱག་ གིས་ བྱུགས་ སོ ། །,於是，諸佛各伸右掌摩須賴頭，,4
བཅོམ་ལྡན་འདས་ ཀྱིས་ རིགས་ ཀྱི་ བུ་ དེ ས་ པ འི་ མགོ་བོ་ ལ་ རེག་ མ་ ཐག་ ཏུ་ གོས་ ངུར་སྨྲིག་ བགོས་ ཤིང་ དགེ་སློང་ དུ་ སྣང་བ ར་ གྱུར་ ཏོ །,適觸其頭，鬚髮皆墮法衣著身，威儀安庠。,4
,於是三千大千世界六反震動，放大光明普照十方雨於天花，是諸佛臂皆不相障。,
,世尊釋迦文伸金色臂摩須賴頭：「彼諸發道意者見是現化，是輩皆當為諸佛之所授決。」,
,當說是法時，五百比丘發弟子乘皆得無著，滿千菩薩皆得不起法忍。,
། དེ་ ནས་ བཅོམ་ལྡན་འདས་ ཀྱིས་ ཚེ་ དང་ ལྡན་པ་ ཀུན་དགའ་བོ་ ལ་ འདི་ སྐད་ ཅེས་ བཀའ་ སྩལ་ ཏོ །,爾時，世尊告長老阿難言,5
,「受是法化奉持誦說，周滿敷演廣大眾生。所以者何？,
། ཀུན་དགའ་བོ་ སྙིགས་མ་ ལྔ་པོ་,是五濁世,4
དུས་ ཀྱི་ སྙིགས་མ་ དང་ ། སེམས་ཅན་ གྱི་ སྙིགས་མ་ དང་ ། ཞིང་ གི་ སྙིགས་མ་ དང་ ། ཚེ འི་ སྙིགས་མ་ དང་ ། ཉོན་ མོངས་པ འི་ སྙིགས་མ འི་,眾生濁、勞垢濁、壽命濁、邪見濁、時劫濁,3
དུས་ སུ་ ང་ བྱང་ཆུབ་ མངོན་པ ར་ རྫོགས་པ ར་ སངས་ རྒྱས་ ནས་ དེ ར་ དེ ས་ པས་ ཇི་ ལྟ ར་ འདུལ་བ་ ལས་ རྣམ་པ་ གཞན་ གྱིས་ གདུལ་བ ར་ མི་ བྱའོ །,佛興世非是其時，欲度此等故使須賴示現極,3
ཀུན་དགའ་བོ་ ང་ ནི་ འཇིག་རྟེན་ གྱི་ ཁམས་ མི་མཇེད་ དུ་ སངས་རྒྱས་ ཀྱི་ འདུལ་བ ས་ སེམས་ཅན་ རྣམས་ འདུལ་བ ར་ མི་ བྱེད་ ཀྱི ། ། ཀུན་དགའ་བོ་ ང་ ནི་ ངན་ ཅིང་ དབུལ་བ་ དང་ ། ངན་འགྲོ འི་ འཇིགས་པ ས་ བསྡིགས་ པ ས་ སེམས་ཅན་ རྣམས་ འདུལ་བ ར་ བྱེད་ དོ ། །,,
ཀུན་དགའ་བོ་ གལ་ ཏེ་ འཇིག་རྟེན་ གྱི་ ཁམས་ འདི ར་ ང ས་ སངས་རྒྱས་ ཀྱི་ ཡུལ་ གྱིས་ ཆོས་ བསྟན་ ཅིང་ སངས་རྒྱས་ ཀྱིས་ ཡུལ་ ཉེ་བ ར་ བསྟན་ དུ་ ཟིན་ ན་ སེམས་ཅན་ གཅིག་ ཀྱང་ འདུལ་བ ར་ མི་ འགྱུར་ ལ་ ཆོས་ ཀྱང་ རྟོགས་པ ར་ མི་ འགྱུར་ རོ ། །,「所以者何？我不以如此忍界之儀，而示現一人不度也。,3
ཀུན་དགའ་བོ་ དེ་ ལྟ་བ ས་ ན་ ང་ དང་ དེས་པ་ ཇི་ ལྟ ར་ འདུལ་བ ར་ བྱེད་པ་ དེ་ བཞིན་ དུ་ ཁྱོད་ ཀྱིས་ ཀྱང་ སེམས་ཅན་ འདུལ་བ ར་ གྱིས་ ཤིག་ །,,3
ཀུན་དགའ་བོ་ སེམས་ཅན་ དད་པ་ ཅན་ དང་ ། རྟོགས་པ་ མང་བ་ དག་ འབྱུང་བ ར་ འགྱུར་ ཏེ ། དེ་ དག་ གིས་ ཆོས་ ཀྱི་ རྣམ་གྲངས་ འདི་ ཐོས་ ནས་ དད་པ་ རྙེད་ ཅིང་ དེ་ བཞིན་ དུ་ སྒྲུབ་པ ར་ འགྱུར་ རོ །,,
,佛告諸弟子：「善念奉持。」,
། བཅོམ་ལྡན་འདས་ ཀྱིས་ དེ་ སྐད་ ཅེས་ བཀའ་ སྩལ་ ནས ། ཚེ་ དང་ ལྡན་པ་ ཀུན་དགའ་བོ་ དང་ ། བྱང་ཆུབ་སེམས་དཔའ་ དེས་པ་ དང་ ། བྱང་ཆུབ་སེམས་དཔའ་ དེ་ དག་ དང་ ། དགེ་ སློང་ དེ་ དག་ དང་ ། ལྷ འི་ དབང་པོ་ བརྒྱ་བྱིན་ དང་ ། རྒྱལ་པོ་ གསལ་རྒྱལ་ དང་ ། ལྷ་ དང་ ། མི་ དང་ ། ལྷ་མ་ཡིན་ དང་ ། དྲི་ཟ ར་ བཅས་པ འི་ འཇིག་རྟེན་ ཡི་ རངས་ ཏེ ། བཅོམ་ལྡན་འདས་ ཀྱིས་ གསུངས་པ་ ལ་ མངོན་པ ར་ བསྟོད་ དོ ༎,族姓子須賴，及王波斯匿、釋提桓因，長老阿難，諸天、龍、鬼，及阿須倫，及世間人，聞佛所說，莫不歡喜，稽首而去。,4